,PrivateID,Motion choice RT,Motion choice accuracy,Best choice samples,Best choice accuracy,Beads samples,Beads liberal,Beads first rating,Beads prior rating,Beads overadjustment,BADE bias,BADE BACE,BADE response,BADE liberal,PDI,PDI-CAPE,CAPS,ASI,DOSPERT,Cognitive ability - crt,Cognitive Ability verbal,Cognitive ability wordsum,0,1,2,3,4,5,6
0,1639065,0.896548,0.5,5.0,5.583333333,8,70,63.5,0.5,-17,1.2975,0.17,4.435,0.43,16,1,15,9,71,0.428571429,1.0,0.571428571,-0.27822993425404446,-1.3150904675346757,0.5512209627997644,-0.1620267123315988,-0.7687463673774185,0.02808568315282549,-0.10743275410276565
1,1639069,2.73630689655172,0.96551724137931,6.333333333,5.75,3,25,60.5,0.5,-15,0.81625,0.2275,3.82625,0.16375,10,1,0,0,93,0.571428571,0.75,0.714285714,-0.7839405673957814,-0.7141358789048079,-1.3693968982672713,-1.2280636564015943,1.217156878345077,0.5490615687944789,-0.3602811945724048
2,1639126,1.25308433333333,1.0,6.0,4.75,11,96,50.5,0.5,0,0.73875,0.1425,4.77875,0.41375,35,3,84,26,75,0.571428571,0.0,0.785714286,1.071071088322623,-0.954608687566111,0.27312651746268396,0.4241315744055087,-0.697904891957307,-0.2799008827731672,-1.6048918106542647
3,1639153,1.060193,0.766666666666667,4.833333333,7.166666667,1,73,74.0,17.0,-13,-0.86625,0.3075,3.56625,0.105,39,2,0,3,90,1.0,1.0,0.571428571,0.02309210651516493,-0.2752888473272465,-2.0401591360721376,-1.2968506806787303,-1.329670983496054,0.9403147028185483,0.8893224248076778
4,1639164,1.371062,0.833333333333333,5.0,6.666666667,8,60,55.0,0.5,-11,0.565,0.19125,4.3975,0.355,21,1,25,3,63,1.0,0.75,1.0,-0.4270619329343331,-1.1357893250064595,-0.18369281052485023,-0.31206055504063257,-0.0665054741314325,0.8757348861828435,0.492831928833956
5,1639182,1.17694733333333,0.8,7.666666667,4.25,14,100,71.0,0.5,-19,-0.31875,0.36875,3.44125,0.2925,35,4,0,4,62,0.0,0.5,0.357142857,0.25742854560656236,0.7376768788922685,-0.6505260079686757,0.9606977171902541,-1.3443196824593446,-1.2866544232004156,-1.416512755249721
6,1639200,1.727964,0.933333333333333,5.5,5.5,12,81,56.0,0.0,-3,0.78625,0.33875,3.57375,0.42875,7,1,14,1,99,1.0,1.0,0.642857143,-0.7747666694694662,0.5812272338853501,0.6359772804127897,0.6763227751238031,-0.14115413260584664,0.8243670345581751,-0.23875943514297204
7,1639243,1.29936933333333,0.8,8.0,3.583333333,4,50,50.0,0.0,-5,1.645,0.3525,3.04125,0.5,0,0,0,0,87,0.857142857,1.0,0.857142857,-1.1739658087359597,0.9315396709912274,1.3034458354858178,-0.48373435735922055,0.9443033606757307,0.35197888902235763,-1.6454783385398293
8,1639279,1.38428766666667,0.933333333333333,5.833333333,6.083333333,11,82,58.0,0.0,-19,0.685,0.2825,4.46,0.3025,35,3,25,17,81,0.857142857,1.0,0.642857143,0.4900221305617787,-0.25140197690707483,-0.2998213546487564,0.24670934933614322,-0.69904508862264,0.9878525923922173,-0.06245162108728733
9,1639284,0.877088166666667,0.966666666666667,7.333333333,3.583333333,5,38,50.5,0.5,0,1.21625,0.24125,4.36125,0.48,26,2,31,10,109,1.0,0.75,0.857142857,-0.08598900516124339,-0.05210682216359761,0.8388085692395817,-1.1229363714996843,1.1221906834406845,1.210400171969117,-2.0297522899575138
10,1649953,1.0065175,0.966666666666667,6.166666667,5.166666667,13,74,49.5,1.5,0,1.24125,0.40875,3.8,0.41625,47,4,0,0,116,0.285714286,0.5,0.571428571,0.19874539965692423,1.2698174153499577,0.6720559509462163,0.36942833413844417,0.7651908634479547,-0.4269689336724517,-0.7948086347810451
11,1649954,0.920023,0.7,4.5,6.75,4,67,59.0,5.0,0,0.95125,0.29625,4.125,0.3375,29,1,0,0,59,0.428571429,0.0,0.428571429,-0.38505130670773197,-0.0729997643407442,0.1346682762729266,-0.9302140244791712,-0.18779524326007468,-0.7997492548425774,0.5343448535621405
12,1649955,2.63075862068966,0.827586206896552,5.666666667,7.25,9,65,51.0,1.0,0,1.175,0.3,3.9175,0.4625,58,4,25,10,121,0.857142857,0.75,0.571428571,0.5868017472506968,-0.09970634315881878,0.7702528574646779,0.05266428334180078,0.8615878719729717,0.12274332032241632,0.8396791868605653
13,1649956,0.7622965,0.933333333333333,5.833333333,7.0,10,89,45.5,17.5,-16,-0.29375,0.25375,4.3375,0.33625,17,1,18,12,63,0.571428571,0.5,0.571428571,-0.11488758966395352,-0.6198435100776144,-0.2989927714237487,-0.06464614755121938,-0.9529465711067236,-0.4658658675819694,0.24170293740360765
14,1649961,0.751442833333333,0.933333333333333,5.333333333,7.166666667,11,0,50.5,0.5,0,0.5475,0.41,3.42625,0.31375,150,12,97,18,137,0.571428571,1.0,0.785714286,3.3160926243166484,0.7564752155404356,-0.5729938161142656,-1.339421026095688,2.985347670615951,0.6835347207333121,0.9305170719799652
15,1649968,2.12918051724138,0.827586206896552,6.833333333,6.0,14,100,57.5,0.0,-5,0.68125,0.1775,4.3525,0.44,28,2,0,7,52,1.0,0.75,1.0,-0.1309207832153576,-1.211788281428672,0.28888954447787774,1.1438554636258396,-0.8944372602569549,0.35255016377143433,-0.03559173560305152
16,1649969,2.2247,0.866666666666667,5.833333333,6.416666667,9,60,50.0,2.5,0,-0.755,0.23,4.1275,0.10875,7,1,5,9,79,0.714285714,1.0,0.714285714,-0.5184633998971231,-1.085246762943364,-2.2340195642252296,0.08797857660963174,0.2566719727055599,0.5182152519863067,0.08642272884982305
17,1649972,0.931266666666667,0.866666666666667,5.833333333,4.833333333,11,56,60.0,0.5,-6,0.22625,0.26,4.06,0.33125,0,0,0,2,67,0.857142857,0.5,0.714285714,-1.0126392005734146,-0.2242790621069241,-0.2868400628664029,-0.27947194535933856,-0.04383380085523139,0.5717720861488126,-0.8598947341266635
18,1649974,2.10135616666667,0.833333333333333,4.833333333,6.916666667,12,40,50.0,0.0,0,0.595,0.2475,4.19625,0.3125,63,7,4,6,69,0.428571429,1.0,0.714285714,0.9173330466212666,-1.016411224651708,-0.6636888792423671,0.03709977841304776,1.462111522041646,0.12556145984515182,1.007931023601466
19,1649978,1.27116666666667,0.933333333333333,2.666666667,6.5,11,66,50.0,1.0,-2,-0.48875,0.46,3.23875,0.1825,0,0,0,0,60,0.857142857,0.75,1.0,-1.1299350594923778,1.2730260088028513,-1.0468399479452746,0.2075900126827391,0.04858503491327655,0.42015147847138284,0.8930488609885665
20,1649984,3.33107142857143,0.964285714285714,4.833333333,6.666666667,14,80,50.0,0.0,-12,1.02125,0.16375,3.65625,0.35375,23,0,0,2,56,0.714285714,1.0,0.642857143,-0.6952582800208857,-1.39919440533598,-0.18211183240959844,1.1531358252850086,0.1426734053735315,0.08343140690223975,0.6888362756970076
21,1649986,0.508732333333333,0.866666666666667,5.666666667,6.833333333,9,82,66.0,0.0,-32,-0.7,0.5075,3.07875,0.14,22,1,0,7,80,0.285714286,0.5,0.571428571,-0.3491433150107743,1.8013705653953733,-1.2464662973926537,-0.045936756347907816,-1.1488847445207075,-0.61932937096112,0.2877122252249225
22,1649987,1.09402,0.833333333333333,6.333333333,6.833333333,1,50,40.0,3.5,23,0.99375,0.28625,4.665,0.3,0,0,10,5,72,0.571428571,0.5,0.571428571,-0.8007802733693283,-0.28015044311070797,-0.11031605465406903,-1.1331210117249078,1.0190842542333158,0.030467143201945122,0.16279958539776554
23,1649989,1.394787,0.9,2.833333333,6.0,9,90,50.0,0.0,0,1.30875,0.36125,3.2475,0.40625,4,0,0,0,98,0.428571429,0.5,0.714285714,-0.9286290782546199,0.9312148904399086,0.8322366916919174,0.6354742305101856,-0.037281466450735434,-0.4172668399756148,0.1199057955698153
24,1649991,1.48087892857143,0.607142857142857,5.5,6.166666667,4,50,57.0,0.5,-10,0.65125,0.09875,5.10375,0.37125,41,2,27,13,105,0.142857143,0.75,0.571428571,0.37935470703147395,-2.0774713233700575,-0.25142987423622387,-0.9337997585956942,0.21865411223618375,-0.33067642047080614,-0.3057453111754492
25,1649994,1.47103866666667,0.966666666666667,6.666666667,5.166666667,12,76,50.5,0.5,0,0.365,0.3675,3.36375,0.29625,0,0,0,1,85,0.428571429,0.25,0.714285714,-1.0030789933744009,0.9025525349469156,-0.29217617433995446,0.4919122873800223,0.2634521991235138,-0.6710007130779656,-0.9867690246632022
26,1650000,1.65030766666667,0.9,5.833333333,6.0,13,60,52.0,0.0,-2,0.61875,0.2225,4.8525,0.33375,29,4,0,0,80,0.857142857,1.0,0.785714286,-0.06162540532760624,-0.9959670212884757,-0.46460096294693826,0.2794087587023805,0.5090342946465704,1.103935144123441,0.08417297391727162
27,1650011,1.59993379310345,0.586206896551724,6.5,5.916666667,9,90,59.0,0.5,0,1.32125,0.18375,3.9,0.3975,23,2,17,6,107,0.428571429,1.0,0.785714286,-0.07293817076629186,-1.0406520716097272,0.19307792775953936,0.6928230736584421,-0.4096059795426004,-0.17228851025276254,-0.311361643882484
28,1650023,2.44999316666667,0.966666666666667,7.0,5.833333333,11,85,50.0,0.0,0,0.08875,0.3675,3.66125,0.4175,54,6,32,9,96,0.0,0.75,0.642857143,0.9306791097246373,0.6091162043952485,0.23885839872106654,0.9048625790240974,0.37881207784457904,-1.3065814320676565,-0.41432824769118337
29,1650024,1.0512635,0.8,6.0,6.0,8,75,57.5,1.0,-10,0.3875,0.33125,3.85875,0.4975,21,2,6,0,64,0.714285714,1.0,0.785714286,-0.4773704906358697,0.24766703613461935,0.9713333377937081,0.09588077685270689,-0.4320130059108186,0.153041630218156,0.15736084343820766
30,1650025,1.49305816666667,0.966666666666667,6.0,6.5,13,75,50.5,0.0,0,0.96875,0.37125,3.25875,0.39625,38,4,25,7,89,1.0,0.5,0.928571429,0.24647219174350515,0.8245097512220152,0.4259081737875092,0.6068463996398196,0.5395848386105804,0.32934582636793003,0.288846265016327
31,1650060,2.0744375,0.7,6.166666667,6.833333333,8,76,58.0,5.5,-10,0.86375,0.3525,3.99,0.41625,27,4,53,4,64,0.857142857,1.0,0.928571429,0.19891719159339163,0.18279220163234666,0.6001055595652991,0.05237869273419098,-0.4693468234130285,0.09546374639943318,0.9895425775755868
32,1650062,1.17947833333333,1.0,4.666666667,5.5,9,94,57.5,0.0,0,1.41875,0.3325,3.7725,0.45,10,1,0,7,120,0.857142857,0.75,0.928571429,-0.5033723145993941,0.8097405502272493,1.0905336052924275,0.4483781880765195,-0.42034831156154845,0.8177125396949344,-0.5403027965675813
33,1650063,1.18963683333333,0.9,4.166666667,6.75,13,68,49.5,19.5,1,-0.675,0.44,3.25625,0.0875,45,5,17,9,90,0.285714286,0.75,0.714285714,0.6700108094763305,0.8586758869527024,-1.9618608441766716,-0.06146858368078638,0.24276639749880818,-0.6181278104897532,0.7289300296454547
34,1650087,1.0037,0.966666666666667,5.5,6.166666667,5,74,75.5,25.5,0,0.45125,0.225,4.51,0.35625,14,0,0,6,81,1.0,1.0,0.857142857,-0.4965374114173148,-0.6442288972974662,0.18375386525143333,-1.5219518391092994,-1.5180319630778325,1.1945056603398283,0.12560946267366932
35,1650099,2.91320346153846,0.692307692307692,4.5,6.333333333,9,40,57.5,17.5,0,-0.19,0.24375,3.92125,0.19,43,3,55,16,51,0.857142857,0.75,0.714285714,0.5467020130114507,-1.1009079806845914,-1.4360635652739995,-1.0370371806852154,0.3002180140841699,-0.14708644703595425,0.9219652397342635
36,1650107,2.67272732142857,0.857142857142857,6.333333333,6.666666667,11,55,49.5,1.5,-7,0.9675,0.4375,3.22,0.335,0,0,0,1,83,0.285714286,0.0,0.642857143,-1.1396214159654525,1.259022669696926,0.3696705045402369,-0.010862013254695312,0.9708536456684944,-1.5966884283442138,0.3530945370081636
37,1650123,1.14967366666667,0.9,5.666666667,5.916666667,11,44,50.0,0.0,0,0.4,0.45375,2.7225,0.22125,45,8,32,15,99,0.714285714,1.0,0.928571429,1.0899000757812258,1.3182935405097846,-0.9138924304371452,0.12198187352655984,1.4877858569958569,0.5296415410402839,0.1484167057620192
38,1650129,1.023848,0.733333333333333,6.333333333,5.25,12,85,53.0,0.0,0,1.27375,0.37125,3.13,0.4375,38,3,5,3,89,0.571428571,1.0,0.642857143,-0.005649469100463637,0.7970904212710803,0.7294707186507039,0.8324784092674148,0.12067168470375768,-0.14861945747020744,-0.3700000701305187
39,1650130,1.41416566666667,0.933333333333333,5.5,4.833333333,30,55,51.5,0.0,0,0.865,0.4425,3.28375,0.23375,20,2,0,2,122,0.714285714,0.75,0.928571429,-0.625131082956644,1.355760732241775,-0.6608962901600037,1.498863034281892,1.2661437863841936,0.49300802549572703,-0.5337965296182744
40,1650135,1.500749,0.9,5.0,6.5,8,65,57.0,1.0,0,-0.1075,0.28125,3.46625,0.14125,30,3,10,16,82,0.571428571,0.5,0.785714286,0.31471707470585963,-0.24921795297352278,-1.6611337098196495,-0.10481208317675837,0.2000567237990068,0.06480846481874393,0.07298612080380969
41,1650195,1.049058,0.933333333333333,4.5,4.916666667,8,71,54.5,4.5,-14,2.07,0.1575,5.01625,0.49875,75,5,153,16,74,0.142857143,0.5,0.714285714,1.9295035363588209,-0.8790240743758438,1.2584530824699518,-0.5983499504825343,-0.27664423641760794,-0.3386560561117481,-0.8628886805401832
42,1650198,1.31533033333333,0.966666666666667,4.333333333,7.166666667,17,62,51.0,0.5,1,0.02125,0.57875,2.59875,0.17125,0,0,0,0,70,0.857142857,1.0,0.928571429,-1.2414603408694238,2.3235502347441077,-0.7499179338551498,0.6732723609608557,0.48006697488926314,0.43448275783291596,1.3351623949372615
43,1650211,0.883665172413793,0.931034482758621,5.5,5.833333333,9,62,45.5,4.5,0,1.48125,0.24375,3.8225,0.4625,26,4,0,0,129,0.571428571,1.0,0.571428571,-0.0765144963497604,-0.28373562828472876,0.7066011658599374,0.15067530219252948,1.1112013328033974,0.6127910742719517,-0.39993796607979126
44,1650220,1.33742,0.8,3.166666667,6.333333333,9,100,50.0,0.0,0,0.05875,0.2625,3.45375,0.31375,7,1,0,2,59,0.428571429,0.5,0.5,-0.6213078820608853,-0.3231254697552932,-0.45398207587911854,1.014820431570087,-0.6650028501409836,-0.62637948704499,0.30706202800467236
45,1650236,0.850292666666667,0.6,6.166666667,5.75,12,90,68.0,12.5,0,-0.225,0.12375,4.965,0.39875,10,0,11,4,61,0.857142857,0.75,0.428571429,-0.580247343583921,-1.8367158526817702,-0.18535096864879877,0.0003157748645990944,-1.7693928368026595,0.31135277973990394,-0.2249902352877324
46,1650241,3.749584,0.8,3.666666667,6.0,9,76,50.5,0.5,0,1.25375,0.28625,3.95125,0.415,20,0,39,15,57,0.0,1.0,0.928571429,-0.23479442453358348,-0.3046924526593658,0.8256639240635737,0.45031233218574923,0.03666281319912281,-1.362404586225367,0.5370532613771304
47,1650452,1.07380733333333,0.733333333333333,6.166666667,6.416666667,12,65,47.5,0.5,-19,0.45625,0.38875,4.00125,0.1875,26,4,85,12,52,0.857142857,0.75,0.428571429,0.527532952655907,0.4489274138244532,-1.0303555372023587,0.17583514740961398,-0.09339692856665259,0.3234785933571147,0.47861126613426674
48,1650514,2.04462266713333,0.5,6.333333333,6.25,11,76,50.0,0.0,0,0.10625,0.20375,4.4175,0.3725,48,4,33,7,77,0.428571429,0.25,0.642857143,0.5387830403054137,-1.2508108699970781,-0.454686478454302,0.49146697219306607,0.11519654097805655,-1.2338940458920253,0.07074176247132873
49,1651458,0.929981,0.9,2.0,6.833333333,8,75,50.5,12.5,2,1.44375,0.355,4.13875,0.52375,26,3,32,13,119,0.285714286,1.0,0.5,0.28613850217945613,0.622760377377121,1.7891349947645907,-0.34219844047281955,-0.01835477972709178,-0.08953140354696477,0.843095237549038
50,1651774,1.20127775862069,0.482758620689655,6.0,7.5,3,25,24.0,26.0,0,-0.5125,0.405,3.57875,0.2075,6,0,0,2,68,0.0,0.25,0.785714286,-0.9544605384719177,0.1131653883039415,-1.1152949731791304,-1.680964645641071,1.6820368403101285,-2.5356625326404756,1.03171049022586
51,1652166,1.25982266666667,0.966666666666667,3.666666667,4.833333333,9,83,57.5,7.5,0,0.4325,0.405,3.315,0.3475,39,4,20,5,55,0.857142857,1.0,1.0,0.2900048740520222,1.0784981965389182,0.09779591844973656,0.15150964020036556,-0.44953402598175307,0.5531091964970913,-0.0799169953804569
52,1652284,1.870948,0.833333333333333,5.0,7.5,10,67,50.5,0.5,-3,0.55125,0.38,3.40125,0.3675,44,7,62,14,95,0.857142857,1.0,0.928571429,1.0733956913416107,0.5118519730347105,0.11287374377475098,0.4509165767298756,0.5565166243423493,0.3701997909122869,1.2601699232901602
53,1653104,2.20084766666667,0.8,5.833333333,7.0,10,50,50.0,0.5,-2,0.995,0.32625,3.9675,0.39875,6,1,8,0,50,0.714285714,1.0,1.0,-0.9161692480435158,-0.11768472879855936,0.5261845794201928,-0.04689234877344356,0.683238090158964,0.09067229741687875,1.0780124563345173
54,1653229,0.757836896551724,0.862068965517241,6.0,4.833333333,12,75,51.0,0.5,-5,1.14,0.22125,4.7225,0.45,22,3,50,10,71,0.857142857,1.0,0.857142857,0.2083246357772836,-0.6053853024335906,0.6375458623568251,0.31364751452528083,-0.24492853495414998,0.9878687462378748,-0.8107056732818821
55,1653334,1.5547955,0.9,6.333333333,6.166666667,12,71,60.0,5.5,-9,0.475,0.315,3.42625,0.37625,38,3,4,6,84,0.857142857,0.75,0.857142857,0.03924829272842792,0.15808714266929014,0.06878706320883941,0.17738994802138575,-0.033053834158612246,0.2711541709993389,0.11009590239077845
56,1653340,1.431597,0.933333333333333,4.666666667,6.5,8,55,50.5,0.5,-4,0.85,0.41125,2.75,0.31625,0,0,0,0,51,1.0,0.75,0.928571429,-1.1907333722564597,1.0712943831928103,0.13411621918367728,-0.11963510240018396,0.6126268006783132,0.4544946415121313,0.7476963466914403
57,1653354,0.648110166666667,0.933333333333333,4.333333333,6.833333333,12,88,73.5,10.0,0,0.6375,0.41375,3.7075,0.38375,29,3,47,17,75,1.0,1.0,0.714285714,0.4554904930224721,1.1405037761328283,0.7772414206589289,-0.15587323932176927,-1.4845381281897065,1.0005236117122813,0.9158077951371932
58,1653359,1.41535111111111,0.777777777777778,4.666666667,6.166666667,8,74,50.5,0.5,-9,0.69875,0.5,3.08,0.41875,24,1,4,0,67,0.714285714,0.75,0.428571429,-0.6744874203738984,1.7963950108549618,0.8932694697307192,0.10333986996717649,0.045440111554830465,-0.41005143972518004,0.6440870032125153
59,1653378,2.07743913793103,0.724137931034483,7.333333333,5.333333333,9,77,49.0,1.0,-30,0.3275,0.2425,4.38375,0.3675,0,0,0,5,57,0.428571429,1.0,0.714285714,-0.8626388284363878,-0.8237902961170118,-0.11125081092215154,0.41813576691531745,-0.5515779186852768,-0.4618019373706039,-0.5731599246407171
60,1653394,2.09966333333333,0.633333333333333,6.5,5.0,14,85,50.5,0.5,0,0.23375,0.35125,3.6525,0.44875,35,4,0,0,96,0.0,0.75,0.857142857,0.001231772448816245,0.33135254039860557,0.36552772725306715,1.1949329688566661,0.23837990719595603,-1.6161311939568992,-0.6016632774892895
61,1653404,0.922794666666667,0.9,5.333333333,5.666666667,3,51,56.0,0.5,0,0.55375,0.3975,3.8525,0.29375,6,0,8,5,78,0.714285714,0.25,0.714285714,-0.8124905981446953,1.0797261904777011,-0.025327209616260116,-1.189515103297975,0.32891042682509625,0.11607623006138962,-0.3621398115368149
62,1653408,2.8679425,0.833333333333333,6.0,5.583333333,3,40,50.0,10.0,0,0.28125,0.1625,4.4975,0.45875,0,0,25,9,89,0.714285714,0.25,0.857142857,-0.7684054343789576,-1.2400319241144129,0.46893427228414836,-1.2505418284753291,0.7538070487350469,-0.5145847868319088,-0.525627928777556
63,1653413,2.65046366666667,0.5,5.833333333,5.666666667,4,66,65.5,8.0,-21,1.25875,0.27875,3.7925,0.49125,43,3,35,17,86,0.714285714,0.0,0.571428571,0.531285515674344,-0.1704094474613458,1.1318671003359604,-0.9279388179611011,-0.4094318077656733,-1.2600192498206324,0.0021895639116526183
64,1653459,1.8137325,0.9,7.333333333,5.75,3,20,57.5,5.5,-10,0.31375,0.3475,3.83625,0.395,40,3,14,6,92,0.857142857,0.25,0.714285714,-0.03290899972807131,0.4602584646141075,0.23417538294715456,-1.8556796963490236,1.3239037347769975,-0.019884818211724834,-0.3450174662326165
65,1653481,0.715919833333333,1.0,4.666666667,6.583333333,8,77,56.0,0.5,0,-0.61375,0.24875,3.4575,0.19625,8,2,33,3,90,0.142857143,0.0,0.5,-0.2673828339006683,-0.1920892053104687,-1.4216092794331285,0.19579263632701818,-0.13792650042303495,-0.7676133805717701,-0.4007762148210974
66,1653654,1.1041335,0.966666666666667,3.166666667,5.666666667,11,70,60.0,5.0,-15,0.53,0.38625,3.45,0.29125,4,1,0,4,60,1.0,0.5,0.928571429,-0.7598254639921359,0.9268852662781761,-0.09735565125705384,-0.11073974328327738,-0.46476909117881227,0.6685909668895338,0.261838813569779
67,1653736,1.51586666666667,0.9,4.666666667,6.166666667,8,55,53.5,0.5,-5,0.22625,0.18375,4.1925,0.23875,71,4,0,6,146,1.0,1.0,1.0,0.6863619293242184,-1.1479273381607804,-1.4530573724915719,-0.3067293087382335,0.925619127752341,1.5403358962675475,-0.14875831497562345
68,1653782,3.10870840909091,0.772727272727273,6.833333333,5.833333333,8,60,50.0,10.0,0,-0.75875,0.3925,3.2875,0.1475,28,2,0,4,70,0.428571429,0.25,0.571428571,-0.3169640831867452,0.4505994086899576,-1.746618145902666,-0.2435860697542466,0.5801672205682483,-1.500329096535751,-0.0580509244421103
69,1653785,1.999696,0.866666666666667,3.333333333,6.583333333,9,63,52.5,1.0,-3,1.10875,0.31,4.01625,0.46375,21,3,0,0,44,0.285714286,0.5,0.5,-0.3493202766319025,-0.026278308803814984,1.013130709094445,0.03568919934562035,0.39553761070567334,-0.774615591345258,0.9238215510948277
70,1653919,2.10243483333333,0.9,6.666666667,5.916666667,8,59,53.5,0.0,-11,1.1e-16,0.35375,4.1875,0.33625,16,1,0,0,77,0.714285714,1.0,0.571428571,-0.7506165846617375,0.2522912874107907,-0.2136614005846692,-0.19124350922173478,0.20285669793926242,0.305787707312109,-0.025305673119016766
71,1653983,0.797492333333333,0.9,6.333333333,6.75,12,100,56.5,0.5,0,1.355,0.225,4.38625,0.4575,48,5,129,27,64,0.285714286,0.75,0.571428571,1.7349207215164464,-0.466982615982821,1.0063646067681467,0.6843186497029238,-1.0453311444925573,-0.3248805912003501,0.016286742962830326
72,1654074,2.24828083333333,1.0,6.166666667,6.5,7,57,58.0,0.5,-10,0.28375,0.35,2.9975,0.2225,5,0,12,14,114,0.714285714,1.0,0.642857143,-0.6316086823658178,0.5534010619637235,-0.7418930454949222,-0.2091774301560827,0.39659430333475176,0.48442091343558297,-0.020619434063873062
73,1654153,1.83509166666667,0.966666666666667,4.5,5.333333333,14,90,59.0,0.5,-7,-0.04,0.3675,3.1,0.21,30,3,9,6,61,0.857142857,1.0,0.857142857,-0.002155034619319396,0.6022451114855589,-1.1150131309617408,1.067682856613784,-0.5509917905268814,0.5799122029438342,-0.030206895978606343
74,1654261,0.848948,0.9,6.333333333,6.666666667,12,100,49.5,1.0,-12,0.86875,0.365,3.3775,0.3825,151,12,198,24,75,0.428571429,1.0,0.571428571,4.251161061602333,0.6495991024806971,0.04655096988490709,0.8834750190523465,-0.3009501269822187,-0.38662307411012203,0.4328623859057023
75,1654311,1.69340586956522,0.565217391304348,5.0,6.25,4,75,93.5,41.5,0,-0.16625,0.32625,3.7525,0.19125,11,1,29,17,66,0.0,0.25,0.357142857,0.12410931668244307,0.015209198915109641,-0.6559223069841269,-2.2651673652263575,-2.5021470594148942,-1.869653421893511,0.479386383974202
76,1654393,1.59292533333333,1.0,4.333333333,6.333333333,11,67,50.5,0.5,-1,0.77,0.3,4.3725,0.345,107,10,46,5,135,0.857142857,1.0,0.642857143,2.1893832385295995,-0.09879169130086557,-0.48253922597663734,0.23778619739610757,1.0813780472069112,1.2390758949305745,0.3622194771398396
77,1654406,0.946948333333333,0.9,5.333333333,5.5,9,63,57.0,6.5,-24,0.09625,0.37,4.17875,0.22625,33,4,49,16,119,0.857142857,0.75,0.428571429,0.641103293217838,0.634561175645801,-0.8626941596363121,-0.5613626093608782,-0.2553907343641835,0.8711198669006731,-0.49912204390949605
78,1654502,1.51855948275862,0.793103448275862,4.5,6.5,3,20,68.0,18.0,-15,0.3875,0.2325,4.16625,0.38625,0,0,0,0,67,0.428571429,0.0,0.714285714,-1.0584388488511975,-0.6794490779685288,0.34855881885554413,-2.3834845377006904,0.29328562863739055,-0.7489523804504269,0.43640593824750784
79,1654566,0.800932833333333,0.966666666666667,2.666666667,5.083333333,8,100,65.0,0.0,0,0.34625,0.185,4.545,0.4375,0,0,7,3,118,0.571428571,1.0,0.642857143,-0.7208933695207488,-0.6002764757000112,0.4817958216205466,0.4373132945499923,-1.3307509712384569,1.0213881054148732,-0.8244733688137844
80,1654818,2.10347333333333,0.833333333333333,6.5,5.75,9,86,73.0,10.0,0,0.59,0.25,4.175,0.40125,8,1,9,15,84,0.285714286,1.0,0.857142857,-0.22290686962405343,-0.42249071091556584,0.5183827358775654,-0.09547222926852529,-1.2630325385452341,-0.3447789575497077,-0.33475449104451666
81,1655000,1.61765333333333,0.933333333333333,4.833333333,5.916666667,5,74,51.0,1.0,0,1.2025,0.37,3.2025,0.43875,39,4,295,28,77,0.571428571,1.0,1.0,1.9492010646227496,1.2386667620135572,1.2552444248030061,-0.2105355601746116,-0.46141182875402376,-0.16777125896501122,-0.03911525156771904
82,1655164,1.04715516666667,0.933333333333333,7.5,4.166666667,7,75,67.5,20.0,0,0.92625,0.39,3.41875,0.29375,34,3,39,11,77,0.285714286,0.5,0.571428571,0.46588715507594824,1.1842137210942447,0.02725752742572155,-0.9722559187883435,-0.6528862425836922,-0.7096330006112878,-1.4024763061430239
83,1655201,1.9309065,0.9,6.833333333,6.166666667,13,64,57.0,0.5,-4,0.465,0.1,4.7075,0.31125,18,2,0,0,70,0.714285714,1.0,0.714285714,-0.4373183394164603,-2.0611450470099424,-0.8382563146828717,0.4269277105748435,0.13357180299302754,0.8324963297428281,-0.15153168278329074
84,1658370,0.785420666666667,0.966666666666667,4.833333333,6.333333333,8,49,61.5,1.0,0,1.355,0.2075,3.89375,0.4,0,0,19,0,69,0.142857143,0.5,0.428571429,-0.8971236941513654,-0.5294664884971969,0.6332203780128706,-0.6067964352475363,0.38033715497595133,-0.20692112962789055,-0.07619350205973074
85,1658744,0.9959265,0.966666666666667,7.166666667,5.25,8,75,40.0,12.5,-5,-0.81375,0.305,3.47625,0.08625,39,4,65,15,59,0.857142857,1.0,0.642857143,0.8194598982570064,-0.1605076844632323,-2.402915100021484,0.05057440936786395,-0.016355729647539907,0.46467827919517074,-0.7857903921400383
86,1659330,0.680367833333333,0.9,3.166666667,7.0,11,67,53.5,0.0,-5,0.75875,0.30625,4.14375,0.39625,0,0,0,2,84,0.857142857,0.75,0.785714286,-1.002566928329246,0.07397121749006459,0.5440946127755665,0.032839165673063234,-0.08040077231751082,0.8566483694678266,0.8198713186584782
87,1659695,1.07086206896552,0.793103448275862,3.833333333,3.666666667,8,63,50.0,1.0,0,-0.10875,0.205,4.2,0.3775,14,2,0,14,91,0.857142857,1.0,0.642857143,-0.2019893111352943,-0.7587197887469715,-0.32555571030387187,-0.03476190399411552,0.13892486005432741,0.8947008682345872,-1.4024977240324112
88,1659845,1.08263333333333,0.866666666666667,5.333333333,4.833333333,13,63,49.5,0.5,0,0.99375,0.3475,3.40625,0.29625,25,3,0,6,83,0.857142857,1.0,0.857142857,-0.16593318728455053,0.49611968750597274,-0.3424872000357725,0.43480000028906657,0.6965437270143487,0.8093362703901409,-0.5162574674005392
89,1659902,1.55770533333333,0.933333333333333,6.333333333,5.75,13,60,54.5,5.5,0,1.8025,0.32875,3.91,0.4575,0,0,40,25,84,0.571428571,0.75,0.785714286,-0.2893905804332124,0.5171954118445833,1.4859374752743943,-0.22231147629265452,0.18808481025033646,-0.01799900171566322,-0.3353640717065283
90,1660038,1.59139733333333,0.9,6.166666667,5.833333333,11,60,49.5,0.5,-6,0.60375,0.305,4.15,0.3525,0,0,13,9,97,0.428571429,0.25,0.928571429,-0.7670127039392507,0.1694102354249768,0.1404927765565047,-0.0925312056567063,0.4598214668189531,-0.5148579158590515,-0.5886022606800868
91,1660374,1.84910916666667,0.6,3.333333333,5.666666667,28,68,52.5,1.0,-31,1.16125,0.0625,4.53,0.4825,0,0,51,4,76,0.714285714,0.75,0.857142857,-0.8047527626144605,-2.3360872254103886,0.5236129015142944,1.7274801334716308,-0.2782636317293976,0.0938143717149346,0.23906141631583075
92,1664714,0.469674807692308,0.730769230769231,6.5,6.166666667,12,100,74.0,0.0,-6,-0.21125,0.46,3.50125,0.1575,57,5,13,25,103,0.714285714,1.0,0.357142857,1.271928067750118,1.3251924054864859,-1.2384616189774107,0.4338070692736474,-1.5004984040585698,0.5651915690541528,-0.03460722861166435
93,1664950,0.9733535,0.833333333333333,6.666666667,5.333333333,8,75,58.0,1.0,-16,1.44625,0.285,4.1925,0.5525,10,1,7,7,96,0.714285714,0.5,0.928571429,-0.5277552921023743,0.22151751043611126,1.6778612785925993,-0.18743870586626393,-0.3415431530368378,0.0815379690545678,-0.7833961245881914
94,1666583,1.4844,0.9,5.333333333,6.666666667,9,64,54.0,8.0,0,0.7,0.33125,4.11375,0.36,4,1,5,4,68,0.285714286,0.5,0.928571429,-0.670057910251143,0.20202694744512392,0.3583242867484381,-0.36671410339817523,0.06950300724121612,-0.6510666131892164,0.3873118675703294
95,1667188,0.9286045,0.9,4.5,6.416666667,11,55,51.0,0.5,-3,1.19625,0.35375,3.1525,0.5,16,1,6,4,133,0.857142857,0.75,0.714285714,-0.7018253969491351,0.8426624161916889,1.288330345874334,0.0037995456754102487,0.9692762217877878,0.5380776057826708,0.19115059422492223
96,1667540,0.991106166666667,0.866666666666667,5.166666667,6.833333333,9,98,63.5,1.5,-19,-0.7575,0.49125,2.99375,0.13625,0,0,0,0,43,0.428571429,0.75,0.785714286,-0.9470694911257432,1.5517519571779406,-1.2849896481290997,0.5373447811268135,-1.5722211418839014,-0.4919031121576331,0.6730863966921034
97,1667645,3.61242365384615,0.923076923076923,6.166666667,6.5,9,76,50.0,0.5,-25,-0.6825,0.2225,3.02,0.15125,11,0,0,3,57,0.428571429,0.25,0.571428571,-0.8075976883486232,-0.9119430002122004,-1.9814614071980545,0.7500563527788299,0.04782909440461415,-1.2936859999944437,0.03200579002610622
98,1668399,0.7139705,0.9,5.666666667,6.75,13,85,50.0,0.0,-18,0.43625,0.4075,3.59125,0.3525,26,2,6,3,129,0.714285714,1.0,0.785714286,-0.293453783273125,1.0117263965654506,0.08540023733655223,0.7556353174839009,-0.11753093183198722,0.5230407080173298,0.20792744887788334
99,1669416,2.8624975862069,0.827586206896552,6.833333333,6.333333333,12,75,49.0,1.0,0,-0.5475,0.2875,3.6075,0.08875,0,0,28,2,145,0.428571429,0.25,0.5,-0.8190522009905626,-0.17308124964018687,-2.2651315350567867,0.7267988693616917,0.49884772347157336,-0.7401315621547323,-0.5942136740723203
100,1669614,2.04106466666667,0.833333333333333,4.0,6.416666667,17,74,53.0,0.5,-4,1.7125,0.27125,4.39125,0.5,78,9,36,9,78,1.0,0.75,1.0,1.631262175087062,-0.44474000663439267,0.9559031866427035,0.8807951514138411,0.5610124027236449,0.6773728104147366,0.9907008301159628
101,1669740,1.11896666666667,0.966666666666667,4.5,7.5,9,76,50.5,1.0,0,0.035,0.4725,3.1825,0.21375,64,3,28,10,89,0.857142857,0.75,0.857142857,0.5947089622539316,1.4421880024050473,-0.8002389416237644,0.016752813553377086,0.20021037801237426,0.3634218123671612,1.1008654019519262
102,1670716,2.20870983333333,0.966666666666667,4.833333333,7.0,7,63,56.5,0.5,-8,-0.5475,0.2625,3.1025,0.14875,16,1,78,15,99,0.285714286,1.0,0.5,0.05273752245460698,-0.36107342770022094,-1.642436251728957,0.06983236797451307,0.03638254656853727,-0.1747695390630068,0.26245697791691147
103,1674524,1.325643,0.8,7.0,6.166666667,8,94,55.5,0.5,0,1.54375,0.31375,4.12875,0.4025,17,1,25,11,77,0.714285714,1.0,0.642857143,-0.1707210135876184,0.19014335216307257,0.7689766279635992,0.3551341170689155,-0.7076212143276462,0.33323735785044,-0.0757229624276902
104,1677271,1.12760366666667,0.866666666666667,4.166666667,5.75,7,49,64.5,23.5,0,-0.2125,0.4675,3.48375,0.03,5,0,11,7,96,0.857142857,0.5,0.857142857,-0.6842452316657288,1.3903645555044803,-1.8288310898819113,-1.7038100490335901,-0.2825936526979957,0.41747878084427664,0.1608468969087036
105,1683497,0.854989333333333,1.0,4.166666667,6.5,13,100,57.0,0.0,0,0.91625,0.3675,3.89875,0.44875,0,0,0,2,117,1.0,1.0,1.0,-0.9482119053661163,0.925048920551651,1.0457926927433905,0.8908878210541472,-0.7849325469363927,1.1983926659334896,0.26746225045941857
106,1684642,2.216346,0.866666666666667,7.333333333,4.833333333,12,65,52.5,2.5,6,-0.065,0.17375,4.56,0.415,35,2,57,11,112,0.714285714,0.75,0.714285714,0.21913513741285648,-1.0674758399304702,-0.15969613428823062,0.15884387726908597,0.329688459286277,0.1582890627928004,-1.2670317215603086
107,1685050,0.998802,0.933333333333333,7.833333333,4.916666667,13,76,49.5,0.5,-1,1.0475,0.325,3.77375,0.41875,0,0,8,2,100,0.857142857,1.0,1.0,-0.9781269510966342,0.5130500838783548,0.5871416717416869,0.5914979733480037,0.18857085548868757,0.7179766428506599,-1.1129075459269981
108,1685069,0.752135666666667,0.8,5.166666667,7.333333333,12,96,62.5,0.5,-17,-0.00375,0.3675,4.335,0.2925,29,2,38,9,103,0.857142857,0.75,0.714285714,0.1277740767033838,0.47162637548585207,-0.34141908150685907,0.41531381266965217,-1.3700859757083337,0.6203380491476378,0.7033167238168897
109,1687518,1.841503,0.866666666666667,6.0,5.333333333,24,90,50.0,0.0,0,0.90125,0.28125,4.315,0.37375,62,5,100,25,139,0.714285714,0.5,0.785714286,1.5698192700540718,0.028079691079395976,0.038801139907946425,1.5169004331850375,0.10151741689722611,0.06313196973434458,-0.8082862446714968
110,1699890,1.93655566666667,0.866666666666667,6.0,4.333333333,14,71,51.0,0.5,0,1.115,0.3025,4.1725,0.48375,6,1,0,0,75,0.714285714,1.0,0.642857143,-0.8800294802219706,0.1226219586405906,0.9824525054546225,0.6332042347666016,0.2538158318758152,0.2983684299123376,-0.8326477632863756
111,1700492,2.36267683333333,0.9,6.833333333,4.416666667,9,65,37.0,13.0,0,1.8775,0.12625,4.86875,0.79125,48,3,23,13,120,0.428571429,0.75,0.642857143,0.45727261049686674,-1.2779602216005337,2.8709579987812828,-0.19512309092291372,1.077320119331001,-0.7079562977989632,-1.3929190095618262
112,1708928,0.904333333333333,0.933333333333333,7.333333333,3.416666667,8,75,50.0,0.0,-25,1.5025,0.22375,3.97625,0.4775,71,5,123,17,86,0.714285714,0.75,0.857142857,1.6472087046017523,-0.11182997377101614,0.7704984612466784,-0.05082105590557854,-0.06374326981229547,0.35415031622552656,-2.096687264676799
113,1729445,1.813511,0.466666666666667,5.333333333,5.583333333,10,76,52.0,1.0,-6,0.45625,0.2375,4.04875,0.44875,33,3,8,19,76,0.571428571,0.75,0.642857143,0.3418245590602194,-0.8660869328539997,0.37811993746364286,0.4081785376997412,-0.20521322961042374,-0.7197469388123149,-0.03774079393937327
114,1734533,1.219976,0.866666666666667,5.833333333,5.916666667,1,77,74.5,4.5,4,-0.23625,0.24,4.4125,0.1925,73,8,57,6,80,0.142857143,0.25,0.285714286,1.782436055480236,-0.5299352734395449,-1.5327540435991684,-0.9195408605655384,-0.7023019278602513,-0.4361214888277617,-0.44436085293337935
115,1735196,2.074298,0.633333333333333,4.833333333,6.833333333,3,18,33.5,28.0,0,0.925,0.2925,4.35875,0.4025,0,0,11,9,85,0.571428571,0.75,0.714285714,-0.8549861414293215,-0.6438932396397714,0.571200602960902,-2.0787532273125158,1.5414213994771944,-0.7832726573480498,0.9714234156657234
116,1746319,2.13693,0.5,5.666666667,6.416666667,6,50,58.0,0.5,-18,0.96125,0.0825,4.95625,0.52125,0,0,12,9,72,0.857142857,0.75,0.571428571,-0.79784422736102,-2.3002515956971417,0.8928225026979476,-0.5992122451735522,-0.14585280658569935,0.17183074160398945,0.3620366830718123
117,1746425,1.04783033333333,0.933333333333333,4.166666667,6.75,9,60,52.0,1.0,-2,0.915,0.30375,4.2975,0.42,0,0,0,2,53,0.714285714,1.0,0.714285714,-1.0163839719641137,-0.0751910206368788,0.7742146441191365,-0.22520478440957892,0.06709966130788882,0.6758169297319985,0.7799377700999336
118,1747620,0.711185333333333,1.0,2.0,6.333333333,11,65,50.0,1.0,-4,0.7075,0.335,4.2275,0.3725,27,3,55,0,73,0.571428571,1.0,0.928571429,-0.002375322744198506,0.33867867568210414,0.33220326451669846,0.06916580945448535,0.13314983883208828,0.7671195734701901,0.7062755713700378
119,1747661,1.798623,0.733333333333333,5.333333333,6.75,12,70,52.0,0.0,0,1.52125,0.18125,5.0525,0.42125,44,4,33,9,88,0.714285714,1.0,0.857142857,0.5583621429100047,-1.3799154460642185,0.41328271852674897,0.29002701534401515,0.22697513724126872,0.6413121902471157,0.6108976252170428
120,1749517,1.66033183333333,0.9,1.0,4.25,8,100,37.5,0.0,0,0.27375,0.39,3.86375,0.35875,51,6,55,21,96,0.571428571,0.25,0.642857143,1.3584524466156975,1.093668298967732,0.0297379825716211,0.7614368503091861,-0.03123851124570782,-0.511502669633297,-0.741597791435978
121,1752613,1.52051983333333,1.0,2.833333333,6.833333333,8,69,54.5,0.5,4,1.1075,0.23375,4.4025,0.4225,77,10,89,15,96,0.428571429,0.75,0.571428571,2.283468009708222,-0.5444448999591277,0.38558639699118896,0.06007987869921808,0.5385039051947874,0.39677069519974884,0.7240704324725119
122,1752732,0.812347666666667,0.9,7.0,4.083333333,4,85,63.0,30.5,-45,0.08125,0.305,4.20625,0.23375,0,0,0,0,76,0.0,0.0,0.714285714,-0.6683512239282009,0.2382789045392225,-0.7016984771063897,-1.3924197739740372,-1.783034063882211,-1.5482299313966423,-1.821740481667402
123,1753771,3.64238711538462,0.769230769230769,1.833333333,5.416666667,11,65,52.5,4.5,-16,1.47875,0.135,5.27,0.395,47,4,28,7,71,0.857142857,1.0,0.857142857,0.4967256399288787,-1.9102227720456544,0.11367049092579465,0.11331228239556734,0.12449522959730773,0.6899112360622449,0.6566454592213984
124,1754422,1.03374166666667,1.0,5.333333333,6.0,7,75,48.5,5.0,-1,-0.45375,0.45375,3.44375,0.12875,31,2,18,6,92,0.285714286,0.75,0.428571429,-0.011189600556385073,1.3415548443603589,-1.5022254650783282,-0.13055992400076805,0.08893677084391033,-0.309838939626222,-0.25006615332480275
125,1755253,1.04701916666667,0.9,4.5,7.0,25,75,50.0,0.0,0,0.05625,0.4825,2.73625,0.29125,58,6,22,9,78,0.714285714,1.0,0.857142857,0.7460556775392583,1.3935077624348233,-0.46591607847544675,1.7433128192384368,0.6000322409725114,0.10255265290816566,1.2178467896425766
126,1857875,3.08856166666667,0.916666666666667,6.166666667,6.083333333,9,89,61.0,0.0,-10,0.58625,0.23375,4.7025,0.27625,0,0,0,0,80,0.714285714,1.0,0.928571429,-0.9195421409357162,-0.7948015507384377,-0.5672323313540173,0.5095135355830362,-0.8207683732778533,0.5290557826538419,-0.00046734213566065555
127,1861506,1.1711075,0.966666666666667,5.166666667,7.5,11,80,55.0,0.5,0,1.45125,0.3575,4.30375,0.45625,69,6,71,17,87,0.857142857,1.0,0.642857143,1.4945335735101801,0.49303445603236634,1.1038206106547679,0.15727052101065667,-0.0793355201233262,0.8351175607702273,1.1122385676442834
128,1869206,2.15278034482759,0.896551724137931,4.333333333,6.916666667,14,56,51.0,0.0,-4,1.74875,0.15,3.1625,0.495,33,2,0,12,152,0.714285714,0.75,0.5,-0.09858528684307921,-1.0476425054654186,0.9000143173363094,0.5941195944649377,1.4173013734463895,0.3489497569100848,0.2933052151565792
129,1873608,2.51179362068966,0.655172413793103,5.0,5.333333333,9,100,62.5,25.0,0,0.74875,0.31,4.19875,0.4375,81,5,8,7,88,0.285714286,1.0,0.785714286,1.183581096321356,-0.21630181721539507,0.5206713522792502,-0.14708462784725976,-1.050655800936991,-1.127274086277599,0.199633485682992
130,1886378,2.49118916666667,0.833333333333333,6.833333333,5.666666667,1,85,49.0,36.0,0,1.11375,0.2025,3.94625,0.5,119,8,58,20,69,0.571428571,0.0,0.571428571,2.689504077527754,-0.8892815020827988,0.7657611103257627,-1.4486740860952398,-0.11235508717995717,-1.7781695758547225,-0.21714358982386353
131,1890090,1.52423333333333,0.733333333333333,7.0,4.416666667,10,75,50.0,1.0,0,0.16,0.155,4.31,0.31625,18,2,0,1,115,0.428571429,0.5,0.928571429,-0.35566838270992635,-1.2258462244927846,-0.9279135683071398,0.4682936462614237,0.30601531423466233,-0.2757285899359218,-1.6843410423130944
132,1890094,1.15766666666667,0.9,5.333333333,6.833333333,6,51,69.5,16.0,-13,0.7175,0.37875,4.20875,0.43625,46,3,47,4,119,0.714285714,0.25,0.5,0.31920641798524574,0.8595846301045101,0.9466479464923321,-1.7351053350668348,-0.20266769827472123,-0.02809578960010767,0.48359208367037915
133,1890097,1.45987910714286,1.0,4.5,6.5,8,63,64.5,2.0,-19,-0.06625,0.2,4.23875,0.325,21,2,31,8,61,0.857142857,0.75,0.642857143,-0.09902903788085225,-0.935608273211731,-0.4408218885110098,-0.3889459292709963,-0.6154357175696052,0.8770178902427475,0.30598802171273654
134,1890102,1.13011916666667,0.866666666666667,6.833333333,5.666666667,9,78,50.0,0.0,0,0.9575,0.41875,3.60125,0.31,23,3,33,14,97,0.285714286,0.5,0.642857143,0.25697663181425145,1.259304418299909,0.10056798715951731,0.19676126466439456,0.21469759400256283,-0.6573009885634239,-0.6386274539085791
135,1890124,2.1105487037037,0.851851851851852,5.0,6.666666667,7,87,59.5,22.5,-42,-0.0475,0.31375,3.9475,0.305,16,1,46,3,76,0.285714286,0.5,0.714285714,-0.231396451187871,-0.06064914810190286,-0.2585461927371414,-0.5050727165499419,-1.5370864895304364,-1.2119762652748436,0.4615699069279038
136,1891399,2.91857142857143,0.75,4.833333333,6.333333333,15,80,51.0,5.5,10,0.98,0.3075,4.05875,0.44875,0,0,0,0,94,0.571428571,0.75,0.857142857,-1.0901037024444515,-0.08410139031408197,0.8301174659274136,0.8527586255077358,0.16311296738684128,-0.5763100488517454,0.5596623377262406
137,1891592,0.836666666666667,0.933333333333333,5.666666667,7.0,12,66,50.0,1.0,0,1.26375,0.265,2.935,0.44,0,0,18,0,78,0.857142857,0.0,0.785714286,-1.031205589883142,0.12018533140296474,0.7973725514085196,0.32185107527434453,0.619864800003328,-0.2133976975697221,0.2647036351542562
138,1895116,1.75654933333333,0.833333333333333,5.0,5.166666667,13,93,49.5,0.5,11,0.11875,0.20125,4.3,0.35875,0,0,34,4,84,0.857142857,1.0,0.785714286,-0.7314282325379367,-0.8537403573764186,-0.31014124628548245,1.0883348093426917,-0.513599182449658,0.6134034389514833,-0.5943072385546666
139,1895248,2.2099545,0.866666666666667,8.0,5.666666667,12,74,49.5,0.5,0,1.845,0.12375,5.1025,0.585,11,1,26,5,108,0.571428571,0.5,0.714285714,-0.4566522075824408,-1.3836445920111726,1.5912699992640227,0.37811519646852493,0.3697374603444613,-0.11909396097428594,-0.9087358002848692
140,1895331,2.30412232142857,0.75,5.5,7.666666667,27,62,50.0,0.0,0,1.7375,0.29125,3.0975,0.5,15,1,10,3,63,0.857142857,0.5,0.857142857,-0.8419293236289623,-0.23604506836723393,1.2583524068710523,1.6767191721473278,0.9834081325884024,-0.48554418673244926,1.5731597240905837
141,1895392,2.3745165,0.866666666666667,6.333333333,6.416666667,1,74,73.5,23.5,-10,0.9475,0.39875,3.97125,0.335,0,0,0,3,40,0.714285714,0.75,0.0,-0.8402170737227772,0.733705040170622,0.6114933321469743,-1.6113673498283043,-1.453722203607111,-0.2735072012293281,0.7423039692030647
