subname_turk,subnum_J,subname_J,age,gender,language,education,religion,crtFamiliarity,verbalReasoning,wordSum,crt,intuitive,cape,pdiTotal,pdiDichot,beadsDraws,la_bead,adj_3,adj_6,adj_9,overAdjust,ipr,pr,bade,evidenceInt,evidIntImp,bace,posResp,la_bade,attempts,unchanged_bade,unchanged_bead,checks_passed,inattentive,unresponsive,dospert,samples,ranks
A100Y89FZO4J0B,142,Ti5wMY90nMngFjGzkr,29,0,1,1,0,3,.25,.428571429,.714285714,.142857143,0,0,0,13,74,-3,1,-1,-3,54,0,-.18125,1.285,.84125,.2925,3.33625,.44,0,0,0,3,0,0,118,4.66666666666667,6.83333333333333
A101WUMP4O5DY7,338,aN5KKB3mnMn2H3Ozua,60,0,0,3,99,5,1,.857142857,.428571429,.571428571,0,0,0,9,82,-10,0,0,-10,58,1.5,-.315,.9625,.95,.195,4.6925,.36125,2,0,0,3,0,0,50,5.16666666666667,5.58333333333333
A10AUPF8B5NJPC,179,nY54IsEhnMnJbi3zB6,30,1,1,5,75,3,.5,.928571429,.714285714,.142857143,1,10,1,8,75,-13,-3,0,-16,58,1,-.20125,1.44625,1.045,.285,4.1925,.5525,0,0,0,3,0,0,96,6.66666666666667,5.33333333333333
A110BZSDZN7E16,697,Vp5j0QghnMnidB8z58,46,1,1,1,100,4,1,.571428571,.714285714,.285714286,1,16,2,8,59,-4,-4,-3,-11,53.5,0,-.77,1.11E-016,.4,.35375,4.1875,.33625,0,0,0,3,0,0,77,6.66666666666667,5.91666666666667
A110KENBXU7SUJ,417,ha5Rd00ynMnIHRdzsf,46,1,1,1,50,5,1,1,.857142857,.142857143,4,39,4,9,83,0,0,0,0,57.5,7.5,-.32375,.4325,.575,.405,3.315,.3475,1,0,0,3,0,0,55,3.66666666666667,4.83333333333333
A11EL5LWS2L1HX,660,955xDWconMnlowNzD2,19,0,0,1,60,4,.5,.5,.285714286,.714285714,3,21,3,9,63,-1,-2,0,-3,52.5,1,-.3,1.10875,.86625,.31,4.01625,.46375,0,0,0,3,0,0,44,3.33333333333333,6.58333333333333
A122LRCSBAD6DC,671,d85lxt9cnMnWraUzJ2,26,1,1,3,0,5,1,.714285714,.714285714,.285714286,0,0,0,9,60,-2,0,0,-2,52,1,-.375,.915,.7975,.30375,4.2975,.42,0,1,0,3,0,0,53,4.16666666666667,6.75
A12NO2MNOIREXA,447,p55eFRlFnMnEwPbz4q,40,1,1,3,70,5,.75,.428571429,.857142857,.142857143,4,26,3,12,65,-9,-5,-5,-19,47.5,.5,-.39875,.45625,.56125,.38875,4.00125,.1875,0,0,0,2,0,0,52,6.16666666666667,6.41666666666667
A13UMY3NL33676,439,d65mwQRSnMnmIamzbK,36,0,1,1,100,5,.25,.285714286,.857142857,.142857143,1,28,2,4,43,9,0,0,9,50,0,-.08625,1.73625,1.0475,.35,3.43125,.58625,0,3,0,3,0,0,98,4.33333333333333,5.91666666666667
A13WYZ8AXD6ODX,357,XP5LbbennMnwEfYz5u,42,1,1,1,1,5,.75,.642857143,0,1,6,54,6,11,85,0,0,0,0,50,0,-.64125,.08875,.465,.3675,3.66125,.4175,0,0,0,2,0,0,96,7,5.83333333333333
A140YK07NHCPOF,890,RX59t09pnMnkPanzVe,49,0,1,3,100,4,.5,.928571429,.428571429,.428571429,2,32,4,9,66,0,0,0,0,50,0,-.29,.85375,.7925,.33375,3.93,.35375,0,0,0,3,0,0,101,4.16666666666667,6
A16184N1RO5OJV,561,JU5HDDqtnMn3c89zwH,38,0,0,3,100,5,.75,.714285714,.857142857,.142857143,3,43,5,9,40,0,0,0,0,57.5,17.5,-.61875,-.19,.2975,.24375,3.92125,.19,0,0,2,3,0,0,51,4.5,6.33333333333333
A16G6PPH1INQL8,279,4P5xwBhmnMnyGvCzJv,50,0,1,2,0,5,1,.785714286,.857142857,.142857143,0,0,0,13,93,0,0,11,11,49.5,.5,-.62,.11875,.51125,.20125,4.3,.35875,0,0,0,3,0,0,84,5,5.16666666666667
A173XG3NZ7JPT7,936,Uq5d5DsinMnKdwTzMb,41,0,1,1,25,5,.75,.714285714,.571428571,.285714286,1,24,3,11,86,0,0,-4,-4,50,1,-.33625,.8525,.85125,.35875,3.86125,.3725,0,0,0,3,0,0,82,5.66666666666667,7.16666666666667
A17OSPGV41FZ7P,764,ul5aMjDmnMnDw8EzrM,33,0,1,0,15,4,1,.928571429,.714285714,.285714286,0,0,0,14,100,0,0,0,0,50,0,-.63875,.0725,.3925,.35,3.72125,.21875,0,0,0,3,0,0,53,3.83333333333333,7.83333333333333
A17TKHT8FEVH0R,134,6f5OviUXnMnI2uIzUq,24,1,1,1,0,5,.5,.571428571,.142857143,.857142857,10,136,11,8,75,-26,0,0,-26,50.5,.5,-.865,-.34,.2775,.08125,5.0525,.1475,0,1,0,3,0,0,72,5,7.16666666666667
A183CH30KYPRAE,822,5M5XYSxNnMnKSqJzgi,37,1,1,4,95,4,1,1,.714285714,.285714286,2,29,3,11,100,0,0,0,0,55,.5,-.2375,1.31375,.9225,.23875,3.8675,.40625,0,2,0,3,0,0,61,5.83333333333333,4.41666666666667
A1A09TO5Q9I80K,658,Bt575oSFnMn08aazN0,49,1,1,3,100,5,.25,.357142857,.428571429,.571428571,5,62,6,1,56,0,0,0,0,60,10,-.68875,-.16125,.31875,.28,3.81375,.27125,1,0,1,3,0,0,142,5.83333333333333,6.08333333333333
A1AF6EW9YUMER9,405,M55BPNGtnMnJ4pEzn9,30,1,1,4,0,5,.5,.928571429,1,0,1,4,1,11,70,-5,-5,-5,-15,60,5,-.33125,.53,.58875,.38625,3.45,.29125,0,2,0,3,0,0,60,3.16666666666667,5.66666666666667
A1AFK7CIGJ8R61,501,XQ5HA75InMnKXlrz1y,39,0,1,1,100,1,.5,.785714286,.428571429,.571428571,4,29,3,12,75,0,0,0,0,50,0,-.29375,.83375,.70625,.4125,3.92,.3325,0,1,0,3,0,0,88,3.33333333333333,7.5
A1B5SSGMTAQ9B5,477,XJ5PiMQanMn4hFazDP,37,0,1,4,90,3,.75,.714285714,.571428571,.428571429,1,10,1,3,25,-6,-4,-5,-15,60.5,.5,-.04625,.81625,.8275,.2275,3.82625,.16375,0,1,0,3,0,0,93,6.33333333333333,5.75
A1CO5ONFXX6VLN,222,9n5OA9oQnMn36CBzmx,55,1,1,3,50,3,.5,.642857143,.285714286,.714285714,1,15,2,27,48,0,0,0,0,75.5,5.5,-.70375,-.9225,.0525,.4,3.28,.0475,0,1,1,3,0,0,95,4,5.83333333333333
A1DKVUTOBPQH11,129,l45VVnYunMnEhuSzUl,35,1,1,3,100,1,1,.714285714,1,0,3,29,4,12,88,0,0,0,0,73.5,10,-.3575,.6375,.75875,.41375,3.7075,.38375,1,0,0,3,0,0,75,4.33333333333333,6.83333333333333
A1DMXEJGJY02E1,679,wf5hwHo7nMnN7YIzK6,30,0,1,3,0,5,1,.928571429,.714285714,.285714286,2,19,2,11,74,-2,0,0,-2,50.5,.5,-.1625,.47,.6125,.41875,3.24,.2325,0,2,0,3,0,0,104,6.16666666666667,7.16666666666667
A1EDMN0J522ATZ,911,yT5ICoPtnMns7bGzxP,49,1,1,1,0,4,.5,.785714286,.571428571,.428571429,1,5,1,11,70,0,0,0,0,44.5,5.5,-.4175,1.09625,.7625,.31,3.9425,.39625,0,1,0,3,0,0,111,6,5.33333333333333
A1EH9BPKYXFBS5,991,iC5CCT4knMnoRSSzh2,51,0,1,4,0,4,.75,.928571429,.857142857,.142857143,1,10,1,9,94,0,0,0,0,57.5,0,-.03875,1.41875,1.04125,.3325,3.7725,.45,0,0,1,2,0,0,120,4.66666666666667,5.5
A1F8O6BA8AZTRF,310,SC5msDRinMnyn8Tz8c,39,0,1,3,85,4,0,.785714286,.571428571,.428571429,3,35,4,11,96,0,0,0,0,50.5,.5,-.5175,.73875,.77125,.1425,4.77875,.41375,0,2,0,3,0,0,75,6,4.75
A1G6F1HWIS2K2K,13,Sl5EIuKjnMnfyC3zLr,50,0,1,3,100,3,0,.642857143,.857142857,.142857143,1,26,2,2,4,0,0,0,0,73.5,24.5,-.4975,-.36,.255,.41125,3.5625,.1475,0,1,1,3,0,0,78,5,7.16666666666667
A1GQ2Q1USIMC63,474,IT5xoYPInMnpNUrzna,26,0,1,3,0,4,1,.642857143,.571428571,.428571429,3,38,4,12,85,0,0,0,0,53,0,-.06125,1.27375,.87375,.37125,3.13,.4375,0,0,0,3,0,0,89,6.33333333333333,5.25
A1GRPIBHW72HDU,547,gW5Yc4ysnMnAS8Qziq,29,1,1,2,75,5,.75,.571428571,.857142857,.142857143,4,58,7,9,65,0,0,0,0,51,1,-.2675,1.175,.8875,.3,3.9175,.4625,0,0,0,2,0,0,121,5.66666666666667,7.25
A1HAUHRSK9158F,35,7Y5r3OFFnMn1mdUzXk,28,0,1,4,25,5,.5,.857142857,.285714286,.714285714,2,21,2,8,50,0,0,0,0,50,0,-.2275,1.26,1.00125,.22375,4.3775,.5,0,1,0,3,0,0,83,6,5.5
A1HF64TV3AAOK6,843,8x5EQAD7nMnCAEHzYa,48,1,1,1,0,5,1,.785714286,.571428571,.285714286,1,5,1,9,100,-21,0,0,-21,50,1,-.4525,.03375,.5425,.495,3.28625,.5,0,2,0,3,0,0,132,5,4.91666666666667
A1HGAHZSM14YTV,273,585xq0BxnMnNNOszp0,47,1,1,1,10,5,1,.571428571,.571428571,.428571429,1,11,1,8,64,4,-3,-4,-3,45.5,11,-.5125,.15875,.54375,.4325,3.57375,.3875,2,0,0,3,0,0,72,5.66666666666667,6.66666666666667
A1HK2QWRGZT46N,957,Il5Yeew5nMnh4phzMv,30,0,1,1,10,1,.5,.642857143,.142857143,.857142857,3,26,3,9,75,0,0,0,0,57.5,17.5,-.8725,-.53875,.23375,.29,4.6375,.2325,1,0,1,3,0,0,94,6.66666666666667,6.5
A1J7BOL7SR48DV,406,e051FjP9nMncHlazdu,44,0,1,2,95,5,0,.357142857,0,.857142857,11,84,8,8,79,24,-36,-42,-54,45.5,6.5,-.41625,-.19125,.32375,.26375,3.21,.1925,0,0,0,2,0,0,60,5,5.33333333333333
A1JJNB108BPMRN,773,k55afG22nMnp2E3ztt,58,0,1,2,60,5,1,.928571429,.857142857,.142857143,7,44,7,10,67,-3,0,0,-3,50.5,.5,-.37375,.55125,.61,.38,3.40125,.3675,0,0,0,3,0,0,95,5,7.5
A1JKHGRDXU18PM,541,DH5FtSptnMnwbINzNl,25,0,1,1,0,1,1,.785714286,.285714286,.714285714,5,81,8,9,100,0,0,0,0,62.5,25,-.4,.74875,.70625,.31,4.19875,.4375,0,0,0,3,0,0,88,5,5.33333333333333
A1KRO0JWU6LT0I,459,B95d6JrhnMnsYaHzrW,35,0,1,2,0,5,.75,1,.714285714,.285714286,0,0,0,7,61,0,3,0,3,50,.5,-.45,.665,.64375,.26375,3.92625,.3375,0,0,0,3,0,0,61,4.5,6
A1LW3ULGLDNUJG,232,5H5bUrcEnMnGYctz22,42,0,1,3,10,3,.25,.714285714,.285714286,.571428571,2,15,2,3,45,0,0,0,0,53.5,3.5,-.6425,-.695,.15,.2475,3.2925,.02125,1,0,0,3,0,0,73,8,3.25
A1M4WMB59LV43,746,ij5W8lJdnMnRLUnz3p,56,0,1,1,20,5,1,.857142857,.428571429,.571428571,7,54,7,13,95,-2,-2,-3,-7,52,1,-.37375,.5125,.63125,.35125,4.25875,.275,0,0,0,3,0,0,79,3.5,6.66666666666667
A1MHLWN1K7OE6,502,HE5TYug7nMnaKQ3z4l,43,0,1,2,10,1,0,.5,.142857143,.857142857,2,18,3,13,100,18,0,0,18,50,1,-.4375,.34625,.6725,.22625,4.31875,.3575,0,0,0,3,0,0,84,5.33333333333333,5.5
A1NLW5ZS2WQR35,378,ue5nmmaanMnumJczyP,53,0,1,2,100,5,.75,.571428571,1,0,3,49,5,5,73,-10,0,0,-10,51,1,-.68125,-.0025,.36125,.165,3.49,.35625,0,0,0,3,0,0,68,7.5,6.5
A1NVJB5O4H7ZCJ,599,Qy56g9lWnMnh3ODzT7,55,0,1,2,78,4,.5,.714285714,.285714286,.571428571,1,16,2,7,87,-30,-6,-6,-42,59.5,22.5,-.54,-.0475,.47125,.31375,3.9475,.305,0,0,0,2,0,0,76,5,6.66666666666667
A1NYI79LUIBOTP,308,7N56iWWSnMn8ReFzPR,24,1,1,3,100,1,1,.571428571,1,0,2,39,4,1,73,-6,-3,-4,-13,74,17,-.87125,-.86625,.10625,.3075,3.56625,.105,0,0,0,3,0,0,90,4.83333333333333,7.16666666666667
A1ODA3Q5H6HTDQ,427,mk5gJXtOnMnKU5mzdS,28,0,1,2,0,5,1,.642857143,.714285714,0,1,6,1,14,71,0,0,0,0,51,.5,-.37875,1.115,.8425,.3025,4.1725,.48375,0,0,0,3,0,0,75,6,4.33333333333333
A1OZPLHNIU1519,116,NO5uDlSLnMnQauNzrp,55,1,1,1,5,4,1,.928571429,1,0,2,15,2,11,35,0,0,0,0,49.5,.5,-.39,.20625,.46625,.47625,3.12875,.2325,0,0,0,3,0,0,141,4.16666666666667,6.58333333333333
A1P0XSCJ9XAV74,450,wS5MLsEwnMnHUvDzVF,35,0,1,3,100,5,.25,.571428571,.428571429,.571428571,0,11,1,9,76,-25,0,0,-25,50,.5,-.55625,-.6825,.15875,.2225,3.02,.15125,0,2,0,3,0,0,57,6.16666666666667,6.5
A1PIGZNLSQMGNW,178,m95gFQhLnMnPX89z2f,38,1,1,1,15,5,1,.642857143,1,0,6,92,7,10,66,-1,-3,-2,-6,53,0,-.4625,1.16875,.945,.12,4.63,.545,0,0,0,3,0,0,91,6.5,6.08333333333333
A1PUIGT83JOHH6,769,h45oLSM6nMnSJJPzKi,50,1,1,1,100,5,.25,.642857143,.571428571,.285714286,6,51,6,8,100,0,0,0,0,37.5,0,-.39375,.27375,.55125,.39,3.86375,.35875,0,0,0,3,0,0,96,1,4.25
A1QGG767E07WBA,714,8H58mhrQnMnsXcHzSa,35,0,1,3,5,1,.5,.571428571,1,0,5,76,7,9,76,-5,-12,-2,-19,71.5,17.5,-.23625,.96625,.9925,.24875,4.68125,.385,0,0,0,3,0,0,74,5.16666666666667,7.16666666666667
A1R0689JPSQ3OF,280,GV5sKnDdnMno6rrzqU,45,1,1,3,10,5,1,.642857143,.857142857,.142857143,10,107,11,11,67,0,0,-1,-1,50.5,.5,-.2975,.77,.74875,.3,4.3725,.345,0,0,0,3,0,0,135,4.33333333333333,6.33333333333333
A1RZT7L92M3XY0,496,WK5Nx2yvnMnHv5XzIT,59,0,1,1,90,5,1,.785714286,.857142857,.142857143,1,8,1,11,74,0,0,0,0,51,.5,-.375,.375,.4575,.3975,3.1475,.25125,0,0,0,3,0,0,72,5,7
A1SLJKNSNHOJRN,590,C45s8f6tnMnv0jMzc0,35,1,1,3,45,5,.5,.928571429,1,0,4,38,4,13,75,0,0,0,0,50.5,0,-.1875,.96875,.7525,.37125,3.25875,.39625,0,1,0,3,0,0,89,6,6.5
A1SOQ9Q35SASE4,573,Sj55ihamnMnW882zWr,29,1,1,1,0,4,.5,.642857143,.285714286,.714285714,3,23,3,9,78,0,0,0,0,50,0,-.17625,.9575,.79875,.41875,3.60125,.31,0,0,0,3,0,0,97,6.83333333333333,5.66666666666667
A1SSYN7TXMTJS4,43,YL5yhWrvnMnXkluz3j,52,1,1,3,100,5,.25,.785714286,0,1,0,6,1,3,25,0,0,0,0,24,26,-.575,-.5125,.26625,.405,3.57875,.2075,1,0,1,3,0,0,68,6,7.5
A1SX9DT3XHX845,919,uQ5OnC5HnMnxvt1z4k,33,1,1,2,0,3,.25,.857142857,.714285714,.285714286,0,0,0,3,40,0,0,0,0,50,10,-.6325,.28125,.7225,.1625,4.4975,.45875,0,1,2,3,0,0,89,6,5.58333333333333
A1TYDVHEFPZC86,156,IS5kGkDgnMn1EBuzjx,34,0,1,3,95,3,.75,.857142857,.714285714,.285714286,0,0,0,28,68,-6,-12,-13,-31,52.5,1,-.48375,1.16125,.8175,.0625,4.53,.4825,0,0,0,3,0,0,76,3.33333333333333,5.66666666666667
A1TYP11M6YZUK8,413,Y15gW5glnMnvPtXzKp,37,1,1,3,0,5,.25,.642857143,.428571429,.428571429,1,8,1,14,90,0,0,0,0,50,.5,-.37375,.57,.7875,.31,4.28125,.355,0,0,0,3,0,0,57,5,7.33333333333333
A1VAL7L9L79IN0,42,OA5HWAMOnMnQ4nmzDQ,28,1,1,1,0,4,1,.857142857,.857142857,.142857143,4,47,5,11,65,-7,-6,-3,-16,52.5,4.5,-.32,1.47875,.99875,.135,5.27,.395,2,0,0,3,0,0,71,1.83333333333333,5.41666666666667
A1VKND3W5E5W1S,470,r15vs76KnMnWamhz22,41,0,1,4,100,3,1,.928571429,0,.714285714,0,20,2,9,76,0,0,0,0,50.5,.5,-.18625,1.25375,.89875,.28625,3.95125,.415,0,0,0,3,0,0,57,3.66666666666667,6
A1VM06KJPJEYUD,24,at5XOFYhnMnuQefz4g,25,1,1,3,0,1,1,.785714286,.714285714,.285714286,2,21,3,8,75,-5,-2,-3,-10,57.5,1,-.505,.3875,.6825,.33125,3.85875,.4975,0,0,0,3,0,0,64,6,6
A1WLUB8DQOBE11,857,5S5K5aUWnMnnmBFz35,60,0,1,4,80,5,.5,.928571429,.428571429,.285714286,7,67,7,10,75,0,0,0,0,53,.5,-.03375,1.925,1.1125,.1975,3.86875,.48875,0,1,0,2,0,0,96,5.33333333333333,7.33333333333333
A1WR3WTEHJEY2D,673,np5Serd9nMnfV9Vzhl,39,0,1,2,10,5,.5,.785714286,.857142857,.142857143,2,23,2,9,65,-5,-4,-3,-12,56,0,-.375,.68625,.67375,.41375,3.34625,.39875,1,0,0,3,0,0,91,5,7.83333333333333
A1XF27L6WCIA05,419,aN5neicAnMnc620z4O,51,0,1,4,85,5,1,1,.714285714,.285714286,4,39,5,28,50,0,0,0,0,51.5,.5,-.1675,1.1025,.75,.37375,3.28125,.35375,0,1,0,3,0,0,100,5.66666666666667,6
A1XPUUD0HLD6HB,281,gg5hlRvXnMnqUU8zca,37,1,1,1,100,5,.75,.857142857,.857142857,.142857143,3,64,5,9,76,0,0,0,0,50.5,1,-.3925,.035,.365,.4725,3.1825,.21375,0,0,0,3,0,0,89,4.5,7.5
A1Y0Y6U906ABT5,77,C25HXKkXnMn9NRLzC6,39,0,1,3,100,3,.5,.571428571,.571428571,.428571429,6,57,7,13,76,0,-6,-10,-16,50,0,-.41875,.925,.85625,.18375,4.60375,.5,0,0,0,3,0,0,71,5.16666666666667,4.5
A1Y3OOUMS1ZYXL,415,rF5sUL3anMnSf0Mz0X,31,1,1,4,20,5,.75,1,1,0,9,78,10,17,74,-1,-1,-2,-4,53,.5,-.0775,1.7125,1.11625,.27125,4.39125,.5,0,0,0,3,0,0,78,4,6.41666666666667
A1YCGICA8XCNBH,902,VL52GY8HnMnxLYhzk0,34,0,1,1,0,5,0,.357142857,.142857143,.857142857,2,35,3,3,14,0,0,0,0,58,2.5,-.4575,.59875,.6925,.2875,4.29375,.3325,0,0,0,3,0,0,58,5.83333333333333,6.16666666666667
A1YGF0LJJGB30G,344,Kg5AMQu0nMnigsizGo,38,1,1,1,0,3,.75,.857142857,0,1,4,35,4,14,85,0,0,0,0,50.5,.5,-.39125,.23375,.6675,.35125,3.6525,.44875,0,0,0,3,0,0,96,6.5,5
A1ZZ7YO3YASNIP,244,bF5M5FyQnMnEulczTv,27,0,1,3,0,5,1,.928571429,.714285714,.285714286,0,0,0,8,75,0,0,0,0,50.5,.5,-.48375,.0975,.57375,.37125,3.61375,.3875,1,0,0,3,0,0,73,6.33333333333333,6.16666666666667
A212OY08MFDGU3,512,rH52jlRxnMn7ouVzjc,29,0,1,2,75,5,1,.571428571,.571428571,.428571429,4,26,4,9,62,0,0,0,0,45.5,4.5,-.21125,1.48125,.92875,.24375,3.8225,.4625,0,4,0,3,0,0,129,5.5,5.83333333333333
A215VSM181SC0F,138,Ql5qOYRgnMnrFYxzbE,54,0,1,4,55,5,1,.928571429,.857142857,.142857143,3,24,4,9,76,1,0,0,1,50.5,.5,-.2025,.84,.72625,.34375,3.54375,.28125,0,0,0,3,0,0,98,4.5,5.91666666666667
A219Y0MX694TM2,566,Im5ox8c5nMnCFhYz8Y,30,0,1,1,10,5,1,.642857143,.857142857,.142857143,6,69,8,11,80,0,0,0,0,55,.5,-.17625,1.45125,.99,.3575,4.30375,.45625,0,3,0,3,0,0,87,5.16666666666667,7.5
A21P1T8EW4NHOU,191,wo5JtuTonMnpegMz50,25,1,1,1,100,4,1,.642857143,.142857143,.857142857,6,99,8,9,80,-11,-10,-10,-31,54,.5,-.47625,.5275,.66875,.06125,4,.3575,1,1,0,3,0,0,82,4.66666666666667,6.66666666666667
A221L64A30LW7Z,743,IH5XtfqPnMnDBbPzYH,42,1,1,3,0,5,.5,.857142857,.857142857,.142857143,0,5,1,7,49,0,0,0,0,64.5,23.5,-.25625,-.2125,.3925,.4675,3.48375,.03,1,0,0,3,0,0,96,4.16666666666667,5.75
A228GVGMLLZ9R6,795,Yp5B49gPnMn7e8fzmt,30,1,1,3,100,3,.25,.5,.142857143,.714285714,0,24,2,3,61,-5,19,0,14,64.5,9.5,-.14625,1.31875,1.05,.08,4.1025,.475,4,0,0,3,0,0,92,4.66666666666667,5
A229SEF35EGTSF,180,ln5VDYwPnMn6KSQzDV,47,1,1,4,60,1,.75,.928571429,.714285714,.285714286,7,64,8,9,63,-2,-4,0,-6,52.5,0,-.375,1.38875,.88125,.1575,4.21375,.46,0,1,0,3,0,0,104,6.5,5.75
A22DL4DE4DYB0,275,dM5FQIVnnMnBpIfziV,27,1,1,3,0,5,1,.714285714,.428571429,.571428571,0,0,0,9,77,-11,-9,-10,-30,49,1,-.60875,.3275,.5725,.2425,4.38375,.3675,0,0,0,3,0,0,57,7.33333333333333,5.33333333333333
A22LQL0UHAOMC9,948,vo5Wxx3PnMn99TNz3Y,35,0,1,3,100,5,.5,.714285714,.857142857,.142857143,0,0,0,11,56,-9,1,2,-6,60,.5,-.54,.22625,.54,.26,4.06,.33125,0,0,0,3,0,0,67,5.83333333333333,4.83333333333333
A23PQPECIUVKHC,811,oi5JURdSnMnB3AMzjs,29,1,0,3,100,3,1,.642857143,.857142857,.142857143,2,14,3,8,63,0,0,0,0,50,1,-.695,-.10875,.435,.205,4.2,.3775,0,0,0,3,0,0,91,3.83333333333333,3.66666666666667
A23RGG9LXG380R,690,pk5fguxgnMnuCtcz3l,40,1,1,1,30,3,.75,.571428571,.428571429,.428571429,10,77,8,8,69,0,0,4,4,54.5,.5,-.3475,1.1075,.855,.23375,4.4025,.4225,0,0,0,2,0,0,96,2.83333333333333,6.83333333333333
A248LF7KKHXZ14,291,c25atl6YnMnXhTRzRI,44,0,1,2,100,1,.25,.142857143,.857142857,0,0,0,0,9,100,0,0,0,0,51.5,1.5,-.88375,-.62875,.13625,.06625,5.02375,.10125,0,1,0,2,0,0,101,3.66666666666667,6.5
A24L4Y8HCZSUIF,238,8A5v9JHonMnOBv8zkS,27,0,1,4,5,5,.75,.642857143,.571428571,.428571429,3,33,4,10,76,-2,-2,-2,-6,52,1,-.545,.45625,.6775,.2375,4.04875,.44875,0,0,0,3,0,0,76,5.33333333333333,5.58333333333333
A24NUJ0TMY0GBG,904,Ch5xDfCRnMnvjE9zQh,39,0,1,4,100,3,.5,.571428571,.714285714,.285714286,2,64,6,6,51,0,0,0,0,50,1,-.165,.53,.6475,.43,3.03875,.31375,1,2,2,3,0,0,70,5.66666666666667,5.25
A24RB69Y77DNOY,139,KP5oHT3XnMnvfbqzoS,34,0,1,1,50,3,.25,.642857143,.142857143,.714285714,0,0,0,11,74,0,0,0,0,49,25,0,1.275,.88125,.35875,3.4075,.3175,0,2,1,3,0,0,74,6.83333333333333,3.66666666666667
A25N802S4J344I,789,0A5X6QhYnMn3nj9zX7,66,1,1,3,20,5,1,.928571429,.714285714,.285714286,8,45,7,11,44,0,0,0,0,50,0,-.195,.4,.51625,.45375,2.7225,.22125,0,1,0,3,0,0,99,5.66666666666667,5.91666666666667
A27O2IILV3S5YS,549,7v5VnBsNnMnf9RMzvy,32,0,1,3,50,1,.5,.571428571,.571428571,.285714286,2,9,2,2,49,11,3,0,14,50.5,.5,-.6875,-.49125,.245,.53,3.6675,.19125,0,0,0,3,0,0,80,7.5,5.41666666666667
A28G4QO0DRY8OZ,20,bE5G8tnrnMnLlK1zkM,43,0,1,1,25,5,.25,.928571429,.428571429,.428571429,4,41,5,8,55,-50,-57,-78,-185,64.5,17,-.455,.91375,.6775,.345,4.27625,.30375,2,0,0,3,0,0,93,5.5,7
A28T38MOUG43YD,423,uE5cT08fnMnPGpOzeq,23,1,1,1,85,5,.5,.785714286,.714285714,.142857143,0,0,0,3,73,-16,-2,0,-18,67.5,19.5,-.21625,.8275,.7925,.3275,4.38125,.1825,4,0,1,3,0,0,80,5.16666666666667,5.91666666666667
A295XEF30H0NH5,839,535dPNp7nMnGwrdzo4,54,0,1,5,70,5,.75,1,1,0,1,37,4,9,75,-4,-10,-12,-26,56,.5,-.165,.76875,.75375,.38375,3.66625,.31625,0,0,0,3,0,0,72,4.33333333333333,5.5
A29CCD6DOOQCGB,27,Vf5yLAVPnMnGA65z2e,35,0,1,4,90,5,.75,.642857143,1,0,4,42,5,13,73,-1,0,-3,-4,52,.5,-.04,1.35,.88,.30875,3.02125,.39875,0,1,0,3,0,0,121,5.16666666666667,5.41666666666667
A2AY4ZM3Y9BTYZ,144,3q5433jAnMnxKejz2q,38,1,1,3,20,5,.25,.928571429,.428571429,.571428571,0,0,0,11,60,-5,-1,0,-6,49.5,.5,-.4625,.60375,.645,.305,4.15,.3525,0,0,0,3,0,0,97,6.16666666666667,5.83333333333333
A2B93NS1ZZ7QD7,480,lB5AexdMnMny9Koz28,35,1,1,1,40,5,1,.785714286,.857142857,.142857143,4,29,4,13,60,-2,0,0,-2,52,0,-.43875,.61875,.8,.2225,4.8525,.33375,0,0,0,3,0,0,80,5.83333333333333,6
A2BN1CX0PTWBXW,694,UO52Bi4OnMnyJ6fz4X,36,1,1,2,1,4,1,.785714286,1,0,1,7,1,13,67,5,0,0,5,50,0,-.45875,.50625,.73,.3325,4.19125,.41375,0,0,0,3,0,0,112,6,5.75
A2BRNJBTXUF4DL,651,VL5pDTLenMnhT7wzak,46,0,1,3,100,3,.75,.714285714,.142857143,.857142857,1,9,1,14,54,-1,-4,-5,-10,49.5,.5,-.3025,.40875,.61875,.41125,3.46875,.26375,0,2,0,3,0,0,60,6,6
A2CBV3JLNP2QR1,664,qD5uEjj7nMngxEOzR8,22,1,1,1,0,4,1,.5,.428571429,.571428571,4,55,6,9,60,0,0,5,5,50,.5,-.68875,-.05875,.44125,.23,4.73875,.31375,1,0,0,3,0,0,79,4.16666666666667,5.91666666666667
A2CHDWKAYZ3P3E,284,uD5yGHUGnMnXDNtz92,32,1,1,1,10,5,.5,.571428571,.285714286,.714285714,1,22,2,9,82,-23,-9,0,-32,66,0,-.55875,-.7,.155,.5075,3.07875,.14,0,0,0,2,0,0,80,5.66666666666667,6.83333333333333
A2DNLHS1RSTF5R,726,cu5373hFnMnP8mjzUt,33,0,1,4,100,4,.75,.428571429,.714285714,.285714286,1,24,3,8,74,-9,0,0,-9,50.5,.5,-.18375,.69875,.74125,.5,3.08,.41875,0,0,0,3,0,0,67,4.66666666666667,6.16666666666667
A2DVCY32JTBU64,377,xy5MO5aHnMnwUdCzeJ,30,0,1,3,5,4,.75,.714285714,.285714286,.714285714,4,65,7,8,74,0,0,0,0,54,4,-.37875,1.175,.85125,.26375,4.3675,.4575,0,0,0,3,0,0,96,5.5,5.83333333333333
A2DVV59R1CQU6T,9,3O5fEbJXnMnjRHez74,28,1,1,3,0,5,.25,.928571429,.714285714,.285714286,6,78,8,3,25,-3,0,0,-3,53,0,-.10125,1.02375,.77375,.37375,3.03375,.33375,0,0,0,3,0,0,129,6.83333333333333,4.83333333333333
A2DZKARWHTWC99,579,cP5ptwdCnMnHuBez1t,41,0,1,1,100,4,.5,.571428571,0,1,2,46,4,9,91,-33,-21,-14,-68,61,12,-.59875,.41875,.69,.31375,4.24375,.5175,0,0,0,3,0,0,46,7.33333333333333,4.66666666666667
A2EED3HLTA96CP,819,nj5I7RoJnMnmUJuz3u,42,0,1,3,1,4,.75,1,.857142857,.142857143,0,0,0,11,66,-2,0,0,-2,50,1,-.6525,-.48875,.215,.46,3.23875,.1825,0,1,0,3,0,0,60,2.66666666666667,6.5
A2EH0DH8QM4ZSB,341,Kg5TsbFInMnqDUnzGe,24,1,1,2,50,4,1,.357142857,.714285714,.285714286,5,57,5,12,100,-6,0,0,-6,74,0,-.735,-.21125,.3025,.46,3.50125,.1575,0,1,0,3,0,0,103,6.5,6.16666666666667
A2ELW44B0V3AYF,787,fM5eF0y4nMncAuqz9m,38,0,1,3,50,3,1,.857142857,.714285714,.285714286,6,58,7,25,75,0,0,0,0,50,0,-.4425,.05625,.38875,.4825,2.73625,.29125,0,0,0,3,0,0,78,4.5,7
A2ETY1O927Z1IF,261,lK5nArDOnMn5jBjzC5,29,1,1,1,80,3,.5,.785714286,.857142857,0,0,0,0,9,74,-2,-4,-2,-8,57,0,-.56875,1.2125,.84125,.1975,4.57,.58,0,0,0,3,0,0,128,6.16666666666667,6.33333333333333
A2FEPNA8OA1UE,595,N45SM60inMntnc0zxv,25,1,1,3,0,5,.25,.5,.857142857,.142857143,1,4,1,11,93,0,0,0,0,55,0,-.33125,.2375,.425,.54125,2.50375,.21125,0,1,0,3,0,0,108,1.16666666666667,4.16666666666667
A2FL477TMKC91L,190,eJ5UeDu0nMn0QGMzVb,46,0,1,4,0,5,1,.928571429,.714285714,.285714286,0,0,0,9,89,-7,-3,0,-10,61,0,-.6325,.58625,.58,.23375,4.7025,.27625,0,0,0,3,0,0,80,6.16666666666667,6.08333333333333
A2FLOH4DM8A4ZS,75,bP5oLgbrnMno0x3z0o,32,1,1,2,50,5,1,.857142857,.857142857,.142857143,0,0,0,4,50,-1,-2,-2,-5,50,0,0,1.645,1,.3525,3.04125,.5,0,2,1,3,0,0,87,8,3.58333333333333
A2G0GS8LJN1YMY,171,ML5Lh6CknMnhXJqzux,62,1,1,4,0,5,.5,.857142857,.714285714,.285714286,2,21,2,9,86,0,0,68,68,46,13,-.835,-.04875,.4225,0,3.84125,.36625,1,0,0,2,0,0,114,4.66666666666667,4
A2G5ONLOJVOL2G,146,MF5C5C1rnMnK4eTzKl,23,0,1,2,0,5,.75,.571428571,.857142857,.142857143,1,12,1,10,58,0,-6,0,-6,50,0,-.23375,1.2825,1.02375,.1475,4.7075,.4575,1,0,0,3,0,0,98,7.33333333333333,5.16666666666667
A2GZ00IMOT6L3X,18,Wd5C0oTSnMnPOnLz0H,49,0,1,1,30,5,1,1,1,0,4,34,4,10,65,-5,-5,-5,-15,57.5,.5,-.42125,.37125,.5025,.395,3.55,.25125,0,0,0,3,0,0,60,5.66666666666667,7.5
A2H8HVANGF4A58,365,vb5Y4uNanMnNViwzle,27,1,1,3,70,4,.75,.571428571,.142857143,.857142857,2,41,4,4,50,-3,-5,-2,-10,57,.5,-.4425,.65125,.85125,.09875,5.10375,.37125,0,0,0,3,0,0,105,5.5,6.16666666666667
A2HA52MJN7CTLM,589,0u5yuisbnMnYYRBzXe,37,0,1,2,100,4,.75,.857142857,.714285714,.142857143,4,42,4,9,76,0,6,0,6,49.5,0,-.33625,.86875,.8075,.1825,4.29875,.33,0,2,0,3,0,0,108,6.16666666666667,5.16666666666667
A2HHKBW8HQWI66,245,t1516jlxnMntvR9zaI,46,1,1,3,0,5,.75,.928571429,1,0,0,0,0,8,55,-4,0,0,-4,50.5,.5,-.1625,.85,.63375,.41125,2.75,.31625,0,1,0,3,0,0,51,4.66666666666667,6.5
A2IQ0QCTQ3KWLT,246,I05UkArKnMngdQwz8F,47,0,1,1,50,4,0,.5,.142857143,.857142857,2,8,2,8,77,0,0,0,0,56,.5,-.81375,-.61375,.20375,.24875,3.4575,.19625,0,1,0,3,0,0,90,4.66666666666667,6.58333333333333
A2J6MMNWUJQUXS,624,Cm5V9OUXnMn27tRzR6,46,0,1,2,100,4,.25,.714285714,.142857143,.714285714,1,35,3,6,61,-25,-39,-42,-106,62,.5,.08375,1.39125,1.1475,.385,3.9975,.31375,1,0,0,3,0,0,68,4.83333333333333,5.66666666666667
A2JCHN90PRUWDH,26,SD5LRcQsnMn6foHzMM,25,1,1,1,50,1,.75,0,.714285714,.285714286,0,0,0,1,74,0,0,-10,-10,73.5,23.5,-.19875,.9475,.865,.39875,3.97125,.335,1,0,1,2,0,0,40,6.33333333333333,6.41666666666667
A2JTIULYK1B15I,744,nA56CGIUnMn7q3fznp,28,0,0,4,10,4,1,1,.714285714,.142857143,1,6,1,10,50,0,-1,-1,-2,50,.5,-.2525,.995,.81625,.32625,3.9675,.39875,0,0,0,3,0,0,50,5.83333333333333,7
A2KED6T6BO622W,990,2s5VMH1vnMnt2fazPh,49,0,1,3,100,5,1,.714285714,.857142857,.142857143,0,7,1,11,70,-8,-4,-5,-17,57.5,1,-.71125,-.1225,.345,.30625,3.74875,.28875,0,0,0,3,0,0,67,6.33333333333333,6.33333333333333
A2KI0ORVSCIUK7,493,qD5gYQ5enMnqGKJz2s,62,1,1,1,0,4,1,.5,.285714286,.714285714,1,16,2,7,63,0,-4,-4,-8,56.5,.5,-.745,-.5475,.1575,.2625,3.1025,.14875,0,0,0,3,0,0,99,4.83333333333333,7
A2KRL7VU5BA72,478,Rh5hJsrwnMnioF2zdw,41,1,1,4,50,5,1,.571428571,.428571429,.571428571,12,151,16,12,100,-4,-11,3,-12,49.5,1,-.17125,.86875,.75875,.365,3.3775,.3825,0,0,0,3,0,0,75,6.33333333333333,6.66666666666667
A2LCFORIW0NF1S,95,tc5xmlgcnMnV6oDzGJ,66,0,1,3,10,5,1,.928571429,.857142857,.142857143,1,6,1,9,100,0,0,0,0,50.5,.5,-.21,.81875,.6975,.47375,3.15625,.38875,0,0,0,3,0,0,67,5,6.33333333333333
A2LF84L3K71GR2,429,nJ5YP4OdnMn6PM1zwL,35,0,1,1,25,5,.75,.714285714,.857142857,.142857143,2,29,3,12,96,-10,-7,0,-17,62.5,.5,-.68125,-.00375,.48625,.3675,4.335,.2925,0,0,0,3,0,0,103,5.16666666666667,7.33333333333333
A2LJ8NJVA2JRAM,815,pm5nuqtanMnJutPzcR,24,1,1,3,10,5,.75,.857142857,.571428571,.428571429,0,0,0,15,80,0,0,10,10,51,5.5,-.39125,.98,.7225,.3075,4.05875,.44875,1,1,0,3,0,0,94,4.83333333333333,6.33333333333333
A2M6URTK6WO6XJ,289,Xt5QTPNynMnM5AEzOJ,36,0,1,2,70,5,.25,.285714286,.142857143,.857142857,8,73,7,1,77,-36,0,40,4,74.5,4.5,-.76125,-.23625,.295,.24,4.4125,.1925,4,0,0,2,0,0,80,5.83333333333333,5.91666666666667
A2MHM7JK1T9XHR,242,Qw5XeVbAnMnHUKWzSq,25,0,1,5,0,4,1,.857142857,.714285714,.285714286,4,44,5,12,70,0,0,0,0,52,0,-.27375,1.52125,1.00125,.18125,5.0525,.42125,0,0,0,3,0,0,88,5.33333333333333,6.75
A2MM10557W7PLD,374,QS5VaIiPnMngqdHz6K,35,1,1,3,70,5,.25,.857142857,.714285714,0,0,0,0,9,79,12,3,0,15,73,21.5,-.42875,.05625,.44625,.52625,3.35875,.2,0,0,0,3,0,0,71,4.5,5.33333333333333
A2NG2CCBMVEBIA,355,yf59M0mPnMnLpTNzwA,22,1,1,1,15,5,.75,.928571429,.857142857,.142857143,4,87,9,6,50,0,0,0,0,54,1,-.43125,.90375,.70125,.19875,4.12,.41875,0,0,0,3,0,0,98,3.66666666666667,5.33333333333333
A2NKWQBUT6Y0RA,209,hs5DlbUYnMniwaOzEf,39,0,1,3,50,5,.75,.857142857,.285714286,.571428571,5,39,5,12,100,-5,-5,5,-5,60,1,-.5,1.67,1.06875,.1025,5.1175,.6725,0,1,0,3,0,0,138,6.16666666666667,6
A2O7LNRIBPIHAF,194,AS590mGwnMn3RG1zAv,48,1,0,1,50,4,.75,.714285714,.285714286,.714285714,5,45,7,13,68,0,2,-1,1,49.5,19.5,-.61125,-.675,.18375,.44,3.25625,.0875,0,0,0,3,0,0,90,4.16666666666667,6.75
A2P76QVLSGJR45,249,S25WrK3YnMniqj5z8u,40,0,1,4,0,4,.75,.857142857,.857142857,.142857143,0,0,0,9,75,-11,-6,-19,-36,50.5,.5,-.75125,-.71375,.16375,.41625,3.60875,.15625,0,0,0,3,0,0,78,7.83333333333333,4.25
A2PBRGT71DUYOY,564,eR5AHmQsnMnqQHbzuP,25,0,1,2,0,3,.5,.857142857,.857142857,.142857143,1,15,2,27,62,0,0,0,0,50,0,.02,1.7375,1.02,.29125,3.0975,.5,0,2,1,3,0,0,63,5.5,7.66666666666667
A2PXJTMWGUE5DC,8,J55yE8aTnMneBu9zqw,59,0,1,3,100,5,.5,.642857143,1,0,0,23,2,8,65,-5,-5,0,-10,59,0,-.29875,.0775,.42875,.37875,3.03875,.1725,0,0,0,3,0,0,79,4.33333333333333,5.83333333333333
A2Q3FS9G8ITCN7,716,6a5PPUTqnMnd7Hpz3E,35,0,1,2,100,5,1,.642857143,.714285714,.285714286,0,11,1,13,100,-8,-1,0,-9,55,0,-.64125,.59875,.75375,.05875,4.76,.48,0,1,0,3,0,0,61,7.83333333333333,5.91666666666667
A2Q7BWWDXGQJQR,802,Kw5nbvBmnMnXKVjzVk,35,1,1,3,10,3,.25,.714285714,.428571429,.571428571,0,0,0,12,76,0,0,0,0,50.5,.5,-.37375,.365,.5925,.3675,3.36375,.29625,0,1,0,3,0,0,85,6.66666666666667,5.16666666666667
A2QQC5GL2K6YYI,874,HD5saErknMnKIAkzod,28,0,1,1,0,4,.75,.642857143,.285714286,.571428571,7,113,10,4,51,-1,-3,-6,-10,48,2.5,-.3375,.97625,.7825,.14625,4.25875,.39,0,0,0,3,0,0,112,6.5,5.5
A2R94TPU1TG9OR,823,8M5n5IWJnMnll8uz1J,26,1,1,4,1,5,1,.857142857,.857142857,.142857143,3,25,3,13,63,0,0,0,0,49.5,.5,-.1075,.99375,.7975,.3475,3.40625,.29625,0,0,0,3,0,0,83,5.33333333333333,4.83333333333333
A2RRDATXKQ8HHC,702,8I5DklAWnMntuEyzp3,39,1,1,3,10,3,.75,.857142857,.857142857,0,3,38,5,12,71,-4,-1,-4,-9,60,5.5,-.36375,.475,.64,.315,3.42625,.37625,0,0,0,3,0,0,84,6.33333333333333,6.16666666666667
A2RTJ6BDY0DZVZ,553,ta5NXGyPnMnqANrzay,54,0,1,3,90,5,1,.642857143,.857142857,.142857143,4,39,4,8,75,0,-5,0,-5,40,12.5,-.73,-.81375,.11,.305,3.47625,.08625,0,0,0,3,0,0,59,7.16666666666667,5.25
A2S00V7RUU121E,980,qo5uLYjNnMnceLQzOA,36,1,1,4,50,1,.75,.714285714,.571428571,.428571429,0,0,0,3,18,0,0,0,0,33.5,28,-.38125,.925,.78375,.2925,4.35875,.4025,0,1,1,3,0,0,85,4.83333333333333,6.83333333333333
A2SS3OZESN3C5U,214,am5yMRqanMnmKMNzES,38,1,1,4,100,5,.5,.785714286,.714285714,.285714286,5,62,7,24,90,0,0,0,0,50,0,-.4,.90125,.77125,.28125,4.315,.37375,0,0,0,3,0,0,139,6,5.33333333333333
A2SWQM5X54P1O5,80,b45fq4REnMnGKhtzBh,32,0,1,2,20,3,.25,.714285714,.571428571,.428571429,2,17,2,6,49,-2,0,0,-2,69.5,14,-.6575,-.08875,.4275,.30375,3.87,.38,1,0,0,3,0,0,55,6.33333333333333,6.66666666666667
A2TG7EEQ2XG2IK,504,vW5VLB8GnMnxUXnzLG,47,0,1,1,100,5,0,.642857143,.285714286,.714285714,0,0,0,11,55,-3,-2,-2,-7,49.5,1.5,-.13,.9675,.75875,.4375,3.22,.335,0,0,0,3,0,0,83,6.33333333333333,6.66666666666667
A2TUUIV61CR0C7,197,IK52PlEonMnIWHPzu6,61,0,1,1,50,1,1,.714285714,.428571429,.571428571,7,63,6,12,40,0,0,0,0,50,0,-.4175,.595,.67125,.2475,4.19625,.3125,0,0,0,3,0,0,69,4.83333333333333,6.91666666666667
A2U8EBN3IPMJ19,777,e25K16jfnMne3DLz8V,39,0,1,2,79,1,.5,.857142857,.714285714,.285714286,3,27,3,7,66,16,64,98,178,55,5,-.745,.35375,.6975,.11875,4.5375,.54,0,0,0,2,0,0,99,6.83333333333333,5.16666666666667
A2UMLFMF60AX21,616,pB5LLxqlnMn7GoVzNK,31,0,1,3,98,5,1,.5,.857142857,0,2,25,3,8,74,0,0,0,0,50,0,-.0525,1.5775,.96625,.2575,3.08,.4875,0,3,0,3,0,0,97,5,4.91666666666667
A2URFYGXXNQR2V,328,iG5WMe0anMnU08uzdY,32,1,1,4,20,3,1,.785714286,.857142857,.142857143,1,9,1,21,95,0,0,0,0,50.5,.5,-.4975,.8825,.685,.3175,4.40875,.35125,0,0,0,3,0,0,75,7.5,4
A2W3KKNN3CAY66,350,n95rDq3UnMngVR5zGc,36,0,1,2,90,5,.75,.428571429,.857142857,.142857143,4,33,6,9,63,-10,-7,-7,-24,57,6.5,-.495,.09625,.535,.37,4.17875,.22625,1,0,0,3,0,0,119,5.33333333333333,5.5
A2WJ1KQW2UBTG6,531,sV514jH8nMnWl7czmA,27,0,1,3,0,1,1,.785714286,.285714286,.714285714,1,18,2,20,65,0,0,7,7,49.5,.5,-.14375,1.16625,.81,.37625,3.33875,.4125,0,0,0,3,0,0,65,4.33333333333333,5.25
A2WTNZHRALOHX8,259,vQ5b1UrCnMnoVMMzat,39,0,1,3,0,4,.5,.714285714,.714285714,.285714286,3,24,3,9,65,-1,0,0,-1,55,0,-.325,1.15375,.90375,.23125,4.51875,.475,0,0,0,3,0,0,109,7.83333333333333,5
A2XRYF0L5ACD2E,801,cI5Fx9GjnMnTQnHzXN,70,1,1,3,0,5,.5,.928571429,.857142857,.142857143,0,0,0,7,74,0,0,0,0,51,.5,-.6625,-.39125,.2375,.35,3.5525,.23125,0,0,0,3,0,0,41,4.83333333333333,6.33333333333333
A2XTK2B7R27RBG,723,Lu5jbw4GnMnARdPzbT,27,0,1,1,5,5,.75,.785714286,.857142857,.142857143,5,52,6,9,87,-1,-2,-1,-4,70,.5,-.37625,.9125,.7925,.2175,4.50125,.39625,2,0,0,3,0,0,80,4.16666666666667,6.58333333333333
A2XUADP5L61HQ5,108,md5Q15XmnMnvg3Gzpa,27,1,1,1,100,4,0,.571428571,.571428571,.428571429,2,30,4,5,52,-1,-1,-1,-3,52,1,-.5875,-.47375,.33125,.22125,4.08875,.23125,1,0,0,3,0,0,70,4.16666666666667,5.83333333333333
A2YVC1U50H2B4R,903,7p5OXKJNnMneQd4zvL,30,0,1,3,10,5,.25,.714285714,.714285714,.285714286,0,6,1,3,51,0,0,0,0,56,.5,-.3725,.55375,.645,.3975,3.8525,.29375,0,1,1,3,0,0,78,5.33333333333333,5.66666666666667
A2ZDEERVRN5AMC,683,SX5M8XTmnMnElEdz3P,27,1,1,1,0,4,.75,.928571429,.571428571,.428571429,3,27,4,6,10,0,0,0,0,50,20,-.4525,.14,.54625,.53875,3.2225,.4375,0,0,0,3,0,0,105,6.33333333333333,6.75
A2ZNOBR1582SW3,306,Q65mHpVPnMnbSKTz8v,19,1,1,1,5,5,.75,.785714286,.285714286,.714285714,3,39,4,4,60,-3,-4,-5,-12,51.5,.5,-.3625,.62125,.5725,.35875,3.35125,.33875,2,0,0,3,0,0,99,4,7.5
A30EI064NHQEQO,930,Go5EGDIqnMnwIUjzmJ,30,0,1,3,100,4,.25,.5,.428571429,.285714286,0,9,1,5,65,-7,-39,-8,-54,61.5,8.5,-.63875,.0575,.37375,.07625,4.15625,.2325,0,0,0,2,0,0,49,6.83333333333333,5.66666666666667
A31898LQJO7I3,53,u85aPuH2nMn8URezhp,26,1,1,3,40,5,1,.714285714,.714285714,.285714286,1,7,1,9,60,0,0,0,0,50,2.5,-.96875,-.755,.11,.23,4.1275,.10875,0,0,0,3,0,0,79,5.83333333333333,6.41666666666667
A32Q6D88MKI52B,828,sS5edAF0nMnr4kXznQ,22,1,1,1,20,5,.75,.428571429,.571428571,.428571429,2,18,2,8,50,0,-5,0,-5,50,0,-.38,1.4,.95375,.1625,4.77375,.475,0,1,1,3,0,0,118,6.33333333333333,5.91666666666667
A32V5DY9IYAM4R,563,0P5R7L8AnMnUa9DzLw,39,0,1,3,100,4,.5,.714285714,.285714286,.714285714,1,20,2,8,59,-1,-5,0,-6,49.5,.5,-.55875,1.08125,.71125,-.00625,4.5025,.46,1,0,0,3,0,0,86,5.66666666666667,5.75
A332S5HG3XL6TE,754,Ux5loaxnnMnx9SIz3l,41,0,1,3,45,4,1,.714285714,.714285714,.285714286,2,18,2,13,64,-1,-2,-1,-4,57,.5,-.5425,.465,.6025,.1,4.7075,.31125,0,0,0,3,0,0,70,6.83333333333333,6.16666666666667
A336V7IY38Q2WN,360,ej5i9iPPnMnvxBEzBc,33,1,1,3,0,3,1,1,1,0,4,40,4,8,80,-10,-14,0,-24,74,3.5,-.76375,-.19,.3925,.19375,4.4925,.29,2,0,0,2,0,0,141,6,5.5
A33JJY3A6V90QM,182,vC5yYGlunMnfqffzm8,35,0,1,1,100,1,.5,.5,.428571429,.571428571,1,7,1,9,100,0,0,0,0,50,0,-.475,.05875,.3825,.2625,3.45375,.31375,0,0,0,3,0,0,59,3.16666666666667,6.33333333333333
A33Z6BHAJUGCHY,298,AT5Eot4vnMnbksyzUD,24,1,1,3,5,4,.75,.571428571,.857142857,.142857143,0,0,0,6,50,-18,0,0,-18,58,.5,-.5625,.96125,.855,.0825,4.95625,.52125,0,0,0,3,0,0,72,5.66666666666667,6.41666666666667
A347XXV5JH19PB,252,w85FnetfnMnx9IxzyM,40,0,1,1,50,3,.75,.571428571,.714285714,.285714286,1,8,1,9,75,0,0,0,0,49.5,.5,-.35,.50125,.65125,.39125,3.98125,.27375,0,1,0,3,0,0,70,6.66666666666667,4.66666666666667
A34LSCB90T5KYE,170,Cu5va5HInMnpJYGzJp,45,0,1,3,60,4,.5,.714285714,.142857143,.857142857,5,75,7,8,71,-6,-4,-4,-14,54.5,4.5,-.0425,2.07,1.2675,.1575,5.01625,.49875,0,0,0,3,0,0,74,4.5,4.91666666666667
A351LMMMFYPM7U,111,DX5Ar6yNnMncESazTO,71,1,1,4,0,5,1,.928571429,.428571429,.571428571,3,20,3,10,65,-2,-3,-4,-9,53.5,.5,-.6175,-.4825,.2825,.3825,3.3925,.2725,0,0,0,3,0,0,66,6.16666666666667,5.16666666666667
A3542PB4Z0NE80,605,du5CwtmknMnov4KzYK,36,1,1,2,15,4,.75,.857142857,.857142857,0,5,58,6,9,69,-5,0,0,-5,52,1,0,1.6525,1.0325,.37125,3.46875,.465,0,0,0,3,0,0,113,5.33333333333333,6.33333333333333
A35C0II2FFV18S,462,fm5dBWyXnMnB09DzYo,40,0,1,3,1,4,.75,.928571429,.714285714,.285714286,1,18,2,9,75,0,0,0,0,50,1,-.5825,.22875,.60625,.24875,4.2175,.415,0,0,0,3,0,0,92,5.16666666666667,6.66666666666667
A35ZVO654GOBP5,897,FI5TX3eInMngeHyzAk,42,0,1,1,100,5,.25,.571428571,0,1,0,11,1,2,63,-3,4,-1,0,49,30,-.33,1.0875,.88625,.1575,4.58,.44125,1,0,0,3,0,0,61,5.83333333333333,4
A3696JXTRKL2FI,682,pq5xF8C2nMnetMjzGB,28,1,1,3,0,5,.75,.785714286,.857142857,.142857143,0,0,0,11,67,-1,-4,0,-5,53.5,0,-.465,.75875,.68875,.30625,4.14375,.39625,0,0,0,3,0,0,84,3.16666666666667,7
A37FQI6S9XARBT,324,UK5ysVU1nMnr2mVz3I,36,0,1,3,100,1,0,.428571429,.571428571,.285714286,1,10,1,1,76,0,68,81,149,75.5,23,-.5375,.71375,.62375,.21375,4.6325,.35625,4,3,1,3,0,0,93,4.16666666666667,6.41666666666667
A37GUFW4K6A1C8,662,wS5dOD6InMnlBYRzeW,26,0,1,2,98,5,.25,.5,.428571429,.571428571,0,0,0,12,75,0,0,0,0,49,1,-.76,-.5475,.18125,.2875,3.6075,.08875,0,0,1,3,0,0,145,6.83333333333333,6.33333333333333
A37MPHPHMGWFQB,189,Hi5MGbmAnMnr5g1zEI,38,0,1,4,50,4,1,.785714286,.714285714,.285714286,13,112,11,21,84,-6,-4,-4,-14,55.5,.5,-.21,1.14,.8375,.35,3.655,.4475,0,0,0,3,0,0,104,6.83333333333333,5
A38QGJJOZANQ4B,277,IJ593JMBnMno8vFz7M,35,1,1,2,0,4,1,.5,.285714286,.714285714,3,26,3,8,75,0,0,2,2,50.5,12.5,-.4025,1.44375,.89625,.355,4.13875,.52375,0,1,0,3,0,0,119,2,6.83333333333333
A38RANAPIANAAA,326,mK5JUgHAnMn1OP7zNN,22,1,1,3,90,4,1,.5,.571428571,.428571429,7,88,8,11,60,-5,0,0,-5,65,15,-.49375,.22875,.48875,.22875,4.4675,.25,1,0,0,3,0,0,91,4.83333333333333,5.08333333333333
A39FJ7RWX4B9JZ,641,y35bGpKCnMn5iu5zy0,43,0,1,2,0,3,.5,.857142857,.285714286,.428571429,0,0,0,11,60,0,-1,0,-1,50,1,-.50125,.44,.54375,.25,3.7575,.2925,0,0,0,3,0,0,72,7.83333333333333,5.25
A39ROW50DWRRKT,533,Y55VP9X5nMnRxSKzCB,35,1,1,2,0,5,0,.714285714,0,.571428571,0,0,0,4,85,-24,8,-29,-45,63,30.5,-.6475,.08125,.44,.305,4.20625,.23375,0,0,0,3,0,0,76,7,4.08333333333333
A3A82EHCZOQ2CV,488,fA5x3SDLnMnMXoLz2V,25,1,1,3,100,1,0,.142857143,.428571429,.571428571,1,22,2,8,98,0,0,0,0,38,13,-.24625,.6075,.77125,.3325,3.09625,.47375,0,0,0,3,0,0,140,2,5.83333333333333
A3B9OZQTE4US3T,278,9R5Y7gKGnMnnympzyC,40,1,1,3,0,3,0,.714285714,.428571429,.285714286,0,0,0,3,20,-6,-5,-4,-15,68,18,-.57,.3875,.6175,.2325,4.16625,.38625,1,1,0,2,0,0,67,4.5,6.5
A3BTV0RLP0LTO8,361,kC5yfJI9nMnYumhzOP,45,0,1,3,100,4,.75,.642857143,.571428571,.428571429,0,42,4,14,88,0,0,0,0,50,1,-.705,-.45,.2575,.28625,3.4675,.23375,1,0,0,3,0,0,67,6.66666666666667,5.33333333333333
A3BUDBPUB2XP1Z,738,sU5ySVc9nMnmniXz7N,29,1,1,1,10,5,.75,.714285714,1,0,4,61,6,11,92,0,0,0,0,70,12.5,-.29125,1.22,.98375,.2175,4.61875,.42375,0,0,0,3,0,0,118,4.33333333333333,6.5
A3D2U4QF7821ZW,905,fp5VkadJnMnSfCHzF0,25,0,1,3,5,5,1,.642857143,.857142857,.142857143,3,35,4,11,82,-7,-6,-6,-19,58,0,-.41875,.685,.72875,.2825,4.46,.3025,0,0,0,3,0,0,81,5.83333333333333,6.08333333333333
A3D6ZYZ7D857AM,376,bE5C5WJOnMnhst7zS8,32,1,1,2,100,4,1,.857142857,.857142857,.142857143,0,32,4,13,81,0,0,0,0,50.5,25.5,-.6525,-.5575,.16125,.4525,3.275,.1525,0,0,0,3,0,0,80,5.66666666666667,6.5
A3DHV1UZ8VQI41,169,lL56vvhtnMnMw7xzUa,18,1,1,1,1,4,.75,.571428571,1,0,0,12,2,9,99,8,0,12,20,53.5,13.5,-.51875,.0075,.39625,.44,3.20375,.2575,0,0,0,3,0,0,110,4.66666666666667,6.83333333333333
A3DKYNYN50FYFY,89,i55TwqwLnMnksbuzge,25,1,1,3,100,5,1,1,1,0,4,71,7,8,55,-2,-2,-1,-5,53.5,.5,-.4875,.22625,.4925,.18375,4.1925,.23875,0,0,0,3,0,0,146,4.66666666666667,6.16666666666667
A3EHDY67QENKPT,88,1f5t2OCLnMnu5ajzMq,54,0,1,1,100,3,.75,.428571429,.285714286,.714285714,2,31,3,7,75,-3,1,1,-1,48.5,5,-.57875,-.45375,.24,.45375,3.44375,.12875,1,0,0,3,0,0,92,5.33333333333333,6
A3EUGO4VR2N4G1,467,p15ycf0UnMn9SRPznr,30,1,1,3,0,5,1,.642857143,.714285714,.285714286,0,5,1,7,57,-5,-3,-2,-10,58,.5,-.425,.28375,.445,.35,2.9975,.2225,0,0,0,3,0,0,114,6.16666666666667,6.5
A3GAQNTZ1V1VO,725,5f5pGc1NnMn8ujozfu,28,1,1,4,30,4,1,.928571429,.857142857,.142857143,0,0,0,17,62,0,0,1,1,51,.5,-.23125,.02125,.38125,.57875,2.59875,.17125,1,0,0,3,0,0,70,4.33333333333333,7.16666666666667
A3GVUYY3TWRPZT,362,lh5s3tjRnMnUEoYz11,39,0,1,3,10,4,.75,.857142857,.714285714,.142857143,5,71,8,8,75,-10,-10,-5,-25,50,0,-.11125,1.5025,1.01,.22375,3.97625,.4775,0,0,0,3,0,0,86,7.33333333333333,3.41666666666667
A3HC7AQFCYT5GJ,51,gw5JltetnMnIy2jzJC,42,0,1,2,0,5,.75,.714285714,.714285714,.285714286,2,35,3,12,65,5,-3,4,6,52.5,2.5,-.77375,-.065,.47125,.17375,4.56,.415,0,0,0,3,0,0,112,7.33333333333333,4.83333333333333
A3HCGNV93TJO7R,154,Wg5aCtUEnMnI4A7z9e,31,0,1,2,100,5,1,.571428571,.857142857,.142857143,3,27,3,18,64,-2,0,0,-2,54,1,-.3025,.81125,.755,.37875,3.81625,.34625,0,1,0,3,0,0,59,4.83333333333333,6.33333333333333
A3HFFCEJ22YZFV,471,Ni5XDNAYnMnlrR4zXX,36,0,1,1,100,5,.5,.571428571,.571428571,.285714286,0,0,0,1,50,0,23,0,23,40,3.5,-.2325,.99375,.94375,.28625,4.665,.3,0,0,1,3,0,0,72,6.33333333333333,6.83333333333333
A3I40B0FATY8VH,30,AR5Cde4QnMnLPHuz05,25,1,1,1,0,5,1,.571428571,1,0,1,9,1,13,88,-5,-6,-5,-16,62,.5,-.41875,1.33625,.9925,.255,4.76,.47875,0,0,0,3,0,0,70,4.5,6.83333333333333
A3IGZ3N6TNPXUU,575,DO5mxrN4nMn6TEBzKY,30,0,1,1,50,4,.5,.785714286,1,0,0,14,1,7,72,-21,0,0,-21,79,3,-.31375,1.18875,.9375,.15,4.46,.49875,0,0,0,3,0,0,80,3.66666666666667,4.75
A3IO4P2AU6NA18,352,IO548YUFnMnntX4zNJ,54,1,1,3,67,4,.75,.928571429,.714285714,.285714286,2,20,3,30,55,0,0,0,0,51.5,0,-.12375,.865,.67,.4425,3.28375,.23375,0,0,0,3,0,0,122,5.5,4.83333333333333
A3JGVZEXXELM3C,15,cv59b6TgnMnAJbyzUB,32,1,1,1,100,5,.75,.642857143,.142857143,.857142857,5,37,7,12,92,0,0,0,0,80,30,-.7,.50875,.50125,.07625,4.37625,.4025,0,0,0,3,0,0,90,8,4.5
A3JKYTCUACTDZA,960,xc5l5iTRnMn7X4vzJj,22,0,1,2,15,5,.75,.571428571,.428571429,.571428571,6,46,6,9,100,0,0,0,0,63.5,0,-.72125,-.23,.43,.00125,4.53625,.23625,0,0,0,3,0,0,62,6.66666666666667,6.08333333333333
A3K5XBS0CW8XMY,388,pE5cNbqHnMntmkLzmJ,30,0,1,4,50,4,.5,.785714286,.285714286,.714285714,4,60,6,11,92,0,1,0,1,51,6.5,-.13375,1.58125,1.0575,.31125,4.33375,.4575,0,1,0,3,0,0,86,7,6
A3KAW0XBBXOQQY,859,V15tv2N2nMn18U1zhJ,44,0,1,4,100,4,.75,.571428571,.285714286,.714285714,5,48,5,12,100,0,0,0,0,56.5,.5,-.3525,1.355,.89625,.225,4.38625,.4575,0,3,0,3,0,0,64,6.33333333333333,6.75
A3KC26Z78FBOJT,407,Jp5HtVEVnMniNHGzuF,30,1,1,2,0,5,1,.571428571,.714285714,.142857143,3,38,4,13,70,-5,-5,-5,-15,52.5,0,-.56,.6775,.585,.39125,4.1375,.43875,0,0,0,3,0,0,102,4.83333333333333,7.16666666666667
A3KC385CZNYEG5,505,SB5lVr8qnMnYQS4ztp,40,0,1,3,0,5,1,1,.571428571,.428571429,4,39,3,5,74,0,0,0,0,51,1,-.10875,1.2025,.85625,.37,3.2025,.43875,0,0,0,3,0,0,77,4.83333333333333,5.91666666666667
A3KKXA7COL5JHL,1,si5lotgYnMnlhdozTx,40,1,1,2,0,5,0,.785714286,.857142857,.142857143,0,0,0,12,66,0,0,0,0,50,1,-.07,1.26375,.87625,.265,2.935,.44,0,3,0,3,0,0,78,5.66666666666667,7
A3LNM77PCQOTHJ,227,lA5FY1rynMnpnFezDa,34,1,1,1,5,4,.75,.5,.714285714,.142857143,2,33,3,14,56,-2,-1,-1,-4,51,0,-.055,1.74875,.97,.15,3.1625,.495,1,0,0,3,0,0,152,4.33333333333333,6.91666666666667
A3MCGKRH5KEZR8,340,E55pMR9unMnqqC3zP2,22,1,1,1,0,4,1,.642857143,.571428571,.285714286,0,0,0,8,100,0,0,0,0,65,0,-.59375,.34625,.65,.185,4.545,.4375,2,1,0,3,0,0,118,2.66666666666667,5.08333333333333
A3MYPYBVHX7FQ2,276,2h50YYiwnMnC4dlzes,48,1,1,2,100,5,1,.785714286,.571428571,.428571429,12,150,16,11,0,0,0,0,0,50.5,.5,-.3275,.5475,.57,.41,3.42625,.31375,0,0,0,3,0,0,137,5.33333333333333,7.16666666666667
A3N5RLYH05PY8L,384,6A5wjwtNnMnsERxzmB,44,0,1,1,100,5,.75,.428571429,.857142857,0,0,10,1,12,90,0,0,0,0,68,12.5,-.94625,-.225,.405,.12375,4.965,.39875,0,0,0,3,0,0,61,6.16666666666667,5.75
A3N6SBFK109S07,833,hd5Fh3NCnMnU3BOz0O,42,1,1,3,0,1,1,.785714286,.428571429,.571428571,2,23,3,9,90,0,0,0,0,59,.5,-.18375,1.32125,.91625,.18375,3.9,.3975,0,3,0,3,0,0,107,6.5,5.91666666666667
A3NLJS5TGM8ZST,762,GW5QoDNJnMn2ohCzuT,56,0,1,1,100,3,.25,.714285714,.571428571,.285714286,0,10,1,9,100,0,0,0,0,50,0,-.08375,1.03875,1.015,.41375,4.09625,.2825,0,1,0,3,0,0,80,6.16666666666667,6.83333333333333
A3ORD55TVUBUGT,889,XA5rWNn0nMnDevAznT,25,1,1,1,0,4,.5,.928571429,.428571429,.428571429,2,18,2,10,75,0,0,0,0,50,1,-.69375,.16,.46,.155,4.31,.31625,0,0,1,3,0,0,115,7,4.41666666666667
A3OV174HQJIJK8,663,hV5ctMPvnMnWCiKzOv,45,1,1,2,100,5,.75,1,1,0,2,28,3,14,100,0,-5,0,-5,57.5,0,-.49625,.68125,.81375,.1775,4.3525,.44,1,1,0,3,0,0,52,6.83333333333333,6
A3Q4GKR9DVIOHM,482,SN5CMA2DnMnRLkEzt2,23,1,1,3,90,5,.75,.857142857,.571428571,.428571429,4,66,9,12,70,0,0,0,0,50.5,.5,-.14,1.2325,.9425,.35625,3.83,.43875,0,0,0,3,0,0,116,4.5,6.66666666666667
A3R5OJR60C6004,161,6o5PprHcnMnYecQzpQ,45,1,1,3,90,1,.5,.928571429,.285714286,.571428571,1,4,1,9,64,0,0,0,0,54,8,-.3325,.7,.77,.33125,4.11375,.36,0,0,0,3,0,0,68,5.33333333333333,6.66666666666667
A3RLCGRXA34GC0,428,Qg5k519fnMndTwyzCU,49,1,1,3,99,5,.75,.857142857,1,0,2,26,4,5,38,0,0,0,0,50.5,.5,-.39875,1.21625,.85375,.24125,4.36125,.48,2,0,0,3,0,0,109,7.33333333333333,3.58333333333333
A3SL5QRF7MX2P1,882,un59L8TrnMniW4rzE5,39,0,1,4,5,5,1,.642857143,.571428571,.428571429,0,0,0,9,83,-12,-16,-7,-35,62,.5,-.60125,-.05625,.42,.3625,3.93625,.33375,0,0,0,2,0,0,69,6.5,5.91666666666667
A3T021IZ1409ZH,558,2j5556JhnMn8r7Bzty,37,1,1,3,37,5,1,.785714286,.857142857,0,8,72,9,11,92,0,0,2,2,52,.5,-.63,.16875,.525,.18625,4.46125,.33375,0,0,0,3,0,0,125,6,5.83333333333333
A3UD7T9F3EMLM2,758,3F5yHVW2nMnxRC2zUL,30,0,1,1,90,3,.25,.5,.142857143,.857142857,2,27,3,8,83,0,0,0,0,75.5,25.5,-.65,-.24125,.37,.205,4.45375,.20625,6,1,0,3,0,0,60,7.16666666666667,4.25
A3UF6XXFFRR237,127,Is5xa1XynMnO1jFzkD,32,0,1,2,50,4,.75,.642857143,.571428571,.428571429,2,16,2,3,13,0,34,0,34,33,17,-.03625,1.05625,.86375,.4325,3.26,.34,0,0,0,3,0,0,119,6,5.16666666666667
A3UPZ88FI1EJC,71,eB5A5gcpnMnfX8BzFW,30,0,1,2,85,5,0,.714285714,.428571429,.428571429,2,16,2,11,56,-4,-3,-3,-10,53,1,-.5775,.47,.52125,.195,4.24125,.3625,0,0,0,3,0,0,56,6.83333333333333,6.66666666666667
A3UZW1NTOX6I15,45,cL5BQiSQnMnbjdNz8H,28,1,1,3,90,3,.25,.571428571,.428571429,.571428571,2,28,2,8,60,0,0,0,0,50,10,-.71,-.75875,.1475,.3925,3.2875,.1475,1,0,2,3,0,0,70,6.83333333333333,5.83333333333333
A3VDG4N48AVYGQ,737,Hl5RC7IAnMnvLYEzDJ,33,1,1,3,1,4,1,.857142857,.285714286,.571428571,1,8,1,9,86,0,0,0,0,73,10,-.51375,.59,.60375,.25,4.175,.40125,0,0,0,3,0,0,84,6.5,5.75
A3VENK02U0X16N,457,B25MpsmsnMnxjO3zv7,31,0,1,4,5,5,1,.928571429,.857142857,.142857143,4,27,5,8,76,-7,0,-3,-10,58,5.5,-.3325,.86375,.77,.3525,3.99,.41625,0,0,0,3,0,0,64,6.16666666666667,6.83333333333333
A3VL1CBZ3BGQK7,994,Jw5MOH2xnMnEcyczOE,55,1,1,3,98,5,.75,.642857143,.714285714,.285714286,2,20,2,8,88,0,13,28,41,51,1,-.22,.10125,.49375,.385,3.57125,.18125,0,0,0,3,0,0,82,6.33333333333333,5.25
A4CHLWPHZIP7Y,7,sU50gs9TnMnLsgxzpE,39,0,1,3,40,5,1,.857142857,.857142857,.142857143,3,22,2,12,75,-5,0,0,-5,51,.5,-.45,1.14,.8675,.22125,4.7225,.45,0,0,0,3,0,0,71,6,4.83333333333333
A4IH4CO046EV3,532,BB5dY12QnMnD9t3zLy,39,1,1,2,0,5,1,1,1,0,0,0,0,13,100,0,0,0,0,57,0,-.355,.91625,.74875,.3675,3.89875,.44875,0,0,0,3,0,0,117,4.16666666666667,6.5
A4UIXESOEZI05,73,cf5ppwnjnMnr4u0zYe,28,0,1,3,1,5,1,.785714286,1,0,0,0,0,12,81,-4,0,0,-4,54,0,-.5125,.29375,.48625,.44375,3.5475,.29125,0,0,0,3,0,0,62,7.33333333333333,4.58333333333333
A5J0OW727ZCWY,567,965N3tybnMnWcNyzTh,47,0,1,2,100,5,0,.642857143,.571428571,.428571429,2,34,4,3,15,-11,8,-8,-11,58,18,-.54375,.1925,.47875,.35,3.7525,.2675,0,0,0,3,0,0,78,6.16666666666667,5.16666666666667
A70TBKPGWQZO4,184,0w5lQX3gnMnrOD3zE2,29,1,1,1,5,5,.75,1,.857142857,.142857143,8,141,12,12,100,-2,-5,-3,-10,60,.5,-.185,.675,.71625,.4075,3.48,.33125,0,3,0,3,0,0,96,3.16666666666667,6.66666666666667
A7P3R1AIA4TVV,411,Ca5L1VRNnMnn8lXz1C,34,1,1,1,0,3,.5,.714285714,.428571429,.428571429,0,4,1,9,90,0,0,0,0,50,0,-.01,1.30875,.9275,.36125,3.2475,.40625,1,3,0,3,0,0,98,2.83333333333333,6
A7XOIQCYY2YCO,345,BD5dpcgknMntH0OzIK,60,0,1,3,100,4,1,.642857143,.714285714,.285714286,0,23,2,14,80,0,-12,0,-12,50,0,-.23125,1.02125,.77125,.16375,3.65625,.35375,0,0,0,3,0,0,56,4.83333333333333,6.66666666666667
A82Q1HS5CPZ5I,639,Ei5LUj5lnMng02AzGn,27,1,1,2,50,4,.5,.357142857,0,1,4,35,4,14,100,-9,-10,0,-19,71,.5,-.5075,-.31875,.42125,.36875,3.44125,.2925,0,0,0,3,0,0,62,7.66666666666667,4.25
A8E99XNOTT390,676,RF54m7VknMnjWf8zhA,42,0,1,3,15,4,1,.642857143,.714285714,.285714286,2,18,2,9,87,-4,-8,-4,-16,60.5,1,-.60625,-.65,.23125,.38875,3.58,.125,0,0,0,3,0,0,117,4.83333333333333,6.58333333333333
A9IC7BMHIPTYH,373,qP5Pt5lmnMn3AQXzWw,43,0,1,3,50,5,1,.928571429,.571428571,.428571429,3,27,3,11,65,-2,-2,0,-4,50,1,-.38,.7075,.7875,.335,4.2275,.3725,1,0,0,3,0,0,73,2,6.33333333333333
AA8PZKO9XGCKO,910,tx5reYnXnMnitdIzCs,26,0,1,1,30,5,1,1,1,0,12,89,8,22,79,-2,-2,0,-4,54.5,.5,-.2675,1.185,.935,.27625,4.4675,.39375,0,0,0,3,0,0,100,5,6.16666666666667
AADADWJIFVSB1,527,2R5tlClknMnRukdzBb,57,0,1,2,100,1,0,.214285714,.285714286,.428571429,3,58,5,11,86,-1,5,0,4,50.5,0,-.4,.33125,.6175,.4275,3.46625,.37,1,1,0,2,0,0,83,4.66666666666667,6.66666666666667
AAHZCL4LIPCBQ,928,Q75n1EtRnMnJuoUzSL,33,0,1,2,100,5,.25,.285714286,0,.714285714,0,12,1,1,50,0,23,50,73,50.5,23.5,-.33,.43,.87875,.22875,3.5375,.295,1,3,0,2,0,0,60,8,4.5
AAJ1ZQECDZBEE,893,fF5sgXfXnMnXrUxzVv,43,1,1,4,100,4,1,.857142857,1,0,0,14,2,5,74,0,0,0,0,75.5,25.5,-.6525,.45125,.52875,.225,4.51,.35625,0,0,1,3,0,0,81,5.5,6.16666666666667
ABSK9TAZ0NNRD,107,NW5J1j4jnMni5OGzEj,27,1,1,1,25,3,.75,.642857143,.428571429,.428571429,3,48,4,9,65,0,0,0,0,37,13,-.43125,1.8775,1.18125,.12625,4.86875,.79125,2,0,0,3,0,0,120,6.83333333333333,4.41666666666667
ACCXC5V05C9R9,969,T25rGQCBnMnh1UAzvs,46,0,1,2,0,4,1,.928571429,.857142857,.142857143,1,6,1,8,55,0,0,0,0,49.5,.5,-.47875,-.3425,.2125,.5075,2.88625,.1875,0,1,0,3,0,0,84,6.33333333333333,6.16666666666667
ACXPNVY0QDNHR,992,4U5qlvOtnMnek9yzwD,34,1,1,1,0,5,.75,.928571429,.714285714,.285714286,0,0,0,13,100,-5,0,0,-5,49.5,0,-.43875,.58625,.655,.30125,4.12125,.3575,0,0,0,3,0,0,66,5.33333333333333,7.33333333333333
AD21ES5UMD77U,286,W35GJJeSnMndufAzfu,64,1,1,2,100,5,.75,1,.857142857,.142857143,2,39,4,6,48,13,-8,0,5,50.5,.5,-.475,.18875,.525,.3175,3.91,.25125,0,0,0,3,0,0,89,4.33333333333333,5.83333333333333
AEF74ZYJTTEIA,188,No5RSltenMnJgMUz2T,40,1,1,3,100,5,1,.785714286,1,0,0,0,0,9,77,-5,-8,-7,-20,53,.5,-.28375,.89375,.7425,.09875,4.15875,.225,0,2,0,3,0,0,90,4,5.83333333333333
AFWJT2RB6Y4SZ,592,kM52Yqp2nMnasBTz1n,37,0,1,2,0,5,.5,.714285714,.571428571,.142857143,1,11,1,12,74,0,0,0,0,49.5,.5,-.245,1.845,1.2325,.12375,5.1025,.585,0,1,0,3,0,0,108,8,5.66666666666667
AG3ISFZMFGDQ9,187,KC5dHnA7nMnCWxdzLx,31,1,0,1,0,5,.25,.5,.142857143,.857142857,3,27,3,13,85,-8,0,0,-8,50.5,.5,-.3175,.8125,.73125,.36,3.6425,.3575,0,0,0,3,0,0,71,5.5,6.66666666666667
AHV7RV2IEOSBP,984,Hx5eTDBfnMnwGRpzDE,33,0,1,3,0,4,1,.857142857,.428571429,.571428571,6,46,7,10,59,0,0,0,0,51.5,0,-.21125,1.2875,.9325,.305,3.955,.49625,0,0,0,3,0,0,76,3.83333333333333,7.16666666666667
AJM4334V07JDQ,896,GR5G2sMQnMnF4H0zQ0,40,1,1,2,100,4,.25,.5,.714285714,.142857143,3,46,4,6,51,-6,0,-7,-13,69.5,16,-.42875,.7175,.78,.37875,4.20875,.43625,0,1,0,3,0,0,119,5.33333333333333,6.83333333333333
AJQGWGESKQT4Y,627,oN5YB33XnMnXjYTzGJ,42,1,1,3,1,4,1,.857142857,.571428571,.285714286,6,55,7,13,83,0,0,-1,-1,54.5,.5,-.005,1.69875,1.05375,.28,3.7,.43625,0,0,0,3,0,0,99,6.83333333333333,6.25
AK7FDS2KRJZLA,364,vL5SjXBwnMnHLdGzLa,42,1,1,3,100,1,.25,.142857143,.428571429,.428571429,0,0,0,12,81,-9,-5,-6,-20,58.5,14.5,-.06375,1.48875,.79875,.045,2.6525,.36875,1,0,0,2,0,0,111,6.5,5.5
AK8ONB60Q4RJ5,513,ni5FllGgnMnA5o4zPa,37,1,1,1,100,4,.5,.428571429,.142857143,.857142857,6,82,8,5,54,11,-2,-3,6,58.5,10,-.355,.68,.59875,.26875,3.66375,.32875,1,0,0,3,0,0,103,4.5,7
AKJ22H1NTVIQX,701,iX5jr6VBnMniip3zvF,55,1,1,1,0,4,0,.857142857,.285714286,.714285714,0,0,0,7,64,0,0,0,0,68.5,18.5,-.12125,1.245,.97625,.19375,4.02375,.40625,0,0,2,2,0,0,59,6.83333333333333,4.5
ALDKDKRBR4LXD,581,iO5lUrtenMnVay5zI5,40,1,1,2,100,4,0,.571428571,.571428571,.285714286,8,119,11,1,85,0,0,0,0,49,36,-.3925,1.11375,.8375,.2025,3.94625,.5,0,0,1,2,0,0,69,6.83333333333333,5.66666666666667
ALUKD738FTTZW,847,Og56iYXpnMnmUlrzb7,43,1,1,3,90,5,.75,.357142857,.857142857,.142857143,3,36,5,14,80,0,0,0,0,50.5,.5,-.35125,.45375,.5475,.43125,3.00375,.25375,0,0,0,3,0,0,85,8,4.58333333333333
AMX5R6NLYNA2K,105,nP5XJQM8nMnGgYPzhB,28,1,1,3,55,5,.25,.714285714,.857142857,0,3,40,4,3,20,-5,0,-5,-10,57.5,5.5,-.56125,.31375,.54375,.3475,3.83625,.395,0,0,0,3,0,0,92,7.33333333333333,5.75
AN098C29EGJ6,58,m95eUt3hnMnrsDWzvq,28,0,1,3,50,5,1,1,.857142857,.142857143,0,0,0,13,76,0,-1,0,-1,49.5,.5,-.2775,1.0475,.815,.325,3.77375,.41875,0,0,0,3,0,0,100,7.83333333333333,4.91666666666667
ANBWJZYU2A68T,636,I25DX14OnMnhkSvzEq,45,1,0,5,40,4,1,.571428571,.857142857,.142857143,0,10,1,9,67,0,0,-11,-11,49.5,.5,-.66375,.2825,.71625,.175,4.19125,.58875,0,0,0,3,0,0,63,4.83333333333333,6.75
ANEM435BSW3XU,372,8A5YMVASnMnOgArzOb,25,0,1,3,100,5,.25,.642857143,.571428571,.285714286,8,130,11,1,68,-25,-10,-3,-38,63.5,17,-.05125,1.1625,1.00875,.32125,4.08625,.33375,1,1,1,3,0,0,83,4.83333333333333,6.5
ANWY0TG55MWW9,808,cX5VfTPMnMnxcemzRI,48,1,0,3,100,1,.75,.785714286,.571428571,.285714286,0,0,0,13,60,0,0,0,0,54.5,5.5,-.00125,1.8025,1.0775,.32875,3.91,.4575,0,1,0,2,0,0,84,6.33333333333333,5.75
AOAZMLP27GD81,48,dI5MmwOgnMnc8BxzqG,38,1,1,1,5,5,.75,1,1,0,1,21,2,8,60,-5,-3,-3,-11,55,.5,-.515,.565,.63125,.19125,4.3975,.355,0,0,0,3,0,0,63,5,6.66666666666667
AOHYIMYZSV858,781,7O5WIxTFnMnKUIrzNs,64,0,1,4,100,5,1,.928571429,.857142857,.142857143,2,44,5,13,95,-2,-8,-13,-23,51,0,-.4375,.5025,.5675,.3675,3.78375,.35625,0,1,0,3,0,0,80,5.66666666666667,6.75
AOOGCOBAZBWJ2,899,qX5i1rM6nMnBBbWz2N,68,1,1,3,100,4,.5,.714285714,.285714286,.714285714,1,16,1,1,72,-27,-24,-25,-76,73.5,.5,-.7425,-.63375,.16,.34625,3.2725,.15125,0,0,0,3,0,0,41,6.83333333333333,5.83333333333333
AORHBSAJE0GP4,453,ca5B1umOnMn6kGLz3P,27,0,1,4,0,5,.5,.928571429,.571428571,.428571429,2,21,3,9,79,0,0,0,0,50,0,-.45875,1.10375,.76875,.2125,4.11625,.51875,0,0,0,3,0,0,107,7.83333333333333,6.33333333333333
APDDA1Y59RHV9,656,vg5Kt2NOnMnau9Hzeq,55,0,1,2,100,4,.5,.571428571,.571428571,.285714286,1,17,2,10,89,-15,-2,1,-16,45.5,17.5,-.745,-.29375,.3825,.25375,4.3375,.33625,0,0,0,3,0,0,63,5.83333333333333,7
APNTEGPF7QZQI,271,ca57wITAnMneAjnzq5,60,0,1,3,99,4,.75,.785714286,.428571429,.428571429,0,0,0,9,98,-7,-6,-6,-19,63.5,1.5,-.5925,-.7575,.1425,.49125,2.99375,.13625,0,0,0,3,0,0,43,5.16666666666667,6.83333333333333
APXNY64HXO08K,148,Y85ks7tanMnKcSjzlp,31,0,1,1,99,5,1,.642857143,.714285714,.142857143,1,17,2,8,94,0,0,0,0,55.5,.5,-.0625,1.54375,1.0475,.31375,4.12875,.4025,0,1,0,3,0,0,77,7,6.16666666666667
APY7YO8CH0ZDP,499,bn5RODcQnMnyPTmzLg,61,0,1,1,100,5,.25,.357142857,0,.714285714,1,11,2,4,75,2,0,-2,0,93.5,41.5,-.7725,-.16625,.30375,.32625,3.7525,.19125,0,0,0,3,0,0,66,5,6.25
AQ5KOKZQSZU0B,539,E35fPtTNnMnl7PwzER,30,0,1,3,0,5,1,1,1,0,0,0,0,20,60,-1,-1,-1,-3,50,.5,-.53625,.7975,.73375,.315,4.435,.43875,0,0,0,3,0,0,55,3,6.5
AQJWO4YPR3LUQ,199,SX5mvP1VnMnSaLAzTN,38,0,1,2,20,4,.25,.571428571,.714285714,.285714286,1,10,1,12,74,-6,-9,-3,-18,53.5,1,-.7075,-.18,.4325,.1925,4.34125,.3825,0,0,0,2,0,0,68,4.83333333333333,7
AR117V5SHH230,404,ou5RESomnMnENQPz9E,27,1,1,3,75,5,.75,.714285714,.857142857,.142857143,1,16,2,11,55,1,-2,-2,-3,51,.5,-.1225,1.19625,.87875,.35375,3.1525,.5,0,0,0,3,0,0,133,4.5,6.41666666666667
ARHBT4K14I7U,727,sB5M89F6nMnitWNzm5,49,0,1,1,100,5,.75,.642857143,.428571429,.571428571,2,30,3,9,100,0,0,0,0,74.5,24.5,-.44375,.25375,.43,.345,4.1525,.15375,0,0,0,3,0,0,96,5.33333333333333,6.83333333333333
ASI2B6A3Y556Z,145,c65GKUKnnMnw2oVzdm,38,0,1,3,95,5,1,.857142857,1,0,0,0,0,9,76,-4,-3,3,-4,55,1,-.81,-.71,.165,.37875,3.7275,.115,0,0,0,3,0,0,98,2.66666666666667,7
ASIULWA5R4JYU,596,IP57kbTDnMntDyjzy3,33,1,1,3,10,3,.75,.714285714,.428571429,.571428571,0,0,0,8,87,-10,0,7,-3,76.5,.5,-.59125,.455,.62625,.1825,3.945,.48625,2,0,0,3,0,0,65,6,6.16666666666667
ASP32QB28TEZU,698,LP5xeuUXnMnxV5tztO,61,0,1,2,0,5,.5,.785714286,.285714286,.714285714,0,0,0,9,100,0,-26,0,-26,50.5,.5,-.8075,-.54375,.15625,.16125,3.35125,.14625,0,0,0,3,0,0,104,5.16666666666667,5.83333333333333
ASUYD8BPYM85M,699,t85yYlCqnMnA7vHzs7,30,1,1,1,0,5,1,.785714286,.714285714,.285714286,2,26,4,13,85,0,-10,-8,-18,50,0,-.4575,.43625,.60375,.4075,3.59125,.3525,0,0,0,3,0,0,129,5.66666666666667,6.75
ASZSPKARH2RXY,597,pM5typqPnMnWXPUzMM,29,1,1,3,25,4,.5,.785714286,.571428571,.285714286,3,30,3,8,65,0,0,0,0,57,1,-.4025,-.1075,.34375,.28125,3.46625,.14125,1,0,0,3,0,0,82,5,6.5
AT7QJKGCPSO6J,40,bU5vTAq1nMnxSDMzWR,35,1,1,3,50,5,1,.857142857,.857142857,.142857143,3,30,4,14,90,-2,-4,-1,-7,59,.5,-.57375,-.04,.3375,.3675,3.1,.21,0,0,0,3,0,0,61,4.5,5.33333333333333
AUFOO8PU2BK37,254,mF5ntM4bnMnWyqPzWn,36,0,1,3,0,5,.5,.428571429,.142857143,.714285714,0,0,0,8,49,0,0,0,0,61.5,1,-.18125,1.355,.90625,.2075,3.89375,.4,1,1,0,2,0,0,69,4.83333333333333,6.33333333333333
AUFUUD4WG9CVO,98,SS5Y7CqPnMni97MzGy,28,1,1,3,1,5,.5,.857142857,.714285714,.285714286,1,8,1,12,100,0,11,0,11,54.5,.5,-.4,.6275,.69125,.2575,4.01375,.4175,0,1,0,3,0,0,73,4,6.66666666666667
AUR5KDE75HSZ9,92,Oy5vknDdnMntfsfzx7,28,0,1,3,75,4,.75,.857142857,.428571429,.571428571,11,94,10,9,78,0,0,0,0,55,6,-.04375,1.70625,1.0775,.3425,3.98375,.4775,1,0,0,3,0,0,84,3.83333333333333,5.41666666666667
AUTYWXILTACCR,204,aW5EOlUKnMniFNWz71,22,1,1,1,90,4,1,.857142857,.428571429,.571428571,1,10,1,5,44,0,0,0,0,59,.5,-.66875,-.0775,.43625,.17,4.285,.335,0,0,1,3,0,0,87,7.16666666666667,5.83333333333333
AUZ3YWTVBISNH,588,AA5V0qA9nMnb66jzWY,30,1,1,1,100, ,.5,.571428571,.285714286,.714285714,3,34,4,7,75,0,0,0,0,67.5,20,-.09625,.92625,.8175,.39,3.41875,.29375,1,2,0,3,0,0,77,7.5,4.16666666666667
AV22FQTJNBUZT,269,Kp58DDUbnMnQ6EuzTa,38,0,1,3,0,3,0,.642857143,.428571429,.285714286,0,0,0,8,72,0,0,0,0,43,7,-.54,.57,.665,.30375,4.095,.47125,0,0,0,3,0,0,60,5.33333333333333,7
AVI7K876BV3QL,117,iN52kfWenMneproz22,61,0,1,1,25,5,.5,.571428571,.571428571,.428571429,0,0,0,9,73,-4,-4,-7,-15,63.5,2,-.5425,.25375,.55125,.3725,3.60125,.42,0,0,0,3,0,0,52,7,6.08333333333333
AVJUIF9QHQRY8,255,so5FXOcjnMnarrHzrP,34,0,1,2,100,1,0,.571428571,.714285714,.285714286,3,43,6,4,66,-9,0,-12,-21,65.5,8,-.22,1.25875,.89625,.27875,3.7925,.49125,1,0,0,3,0,0,86,5.83333333333333,5.66666666666667
AVOF14300525D,962,I95BPphKnMneE9qzli,58,0,1,4,80,4,.25,.857142857,.857142857,.142857143,2,41,4,8,75,-14,-24,-30,-68,55.5,1,-.495,.78375,.73375,.23,4.0875,.39625,1,0,0,3,0,0,53,5.66666666666667,7.83333333333333
AVZOC3OGBQRX2,383,Mf53yrtUnMnlVBHzIr,38,0,1,4,0,4,1,1,1,0,0,0,0,13,72,-1,0,0,-1,50,.5,-.37875,.41,.52625,.3075,3.545,.25625,0,0,0,3,0,0,83,7,4.83333333333333
AW0K78T4I2T72,163,po5FG8lKnMnlgN4ztp,72,0,1,3,0,5,1,1,.571428571,.428571429,2,16,2,8,77,-3,-4,-5,-12,71,20,-.76875,-.52875,.19625,.33,3.94625,.17125,0,0,0,3,0,0,73,5.5,6
AW1QY7Q83DYCJ,858,ru5qMxadnMnniTgz45,46,1,1,4,100,5,1,.785714286,.857142857,0,4,46,6,17,60,0,0,0,0,50,0,-.395,.405,.6375,.27375,4.05375,.34,0,0,0,3,0,0,89,6.33333333333333,6
AWNQ9E62XRB0O,463,vU5JOaM4nMn1I63zwr,20,0,0,1,10,4,1,.571428571,.428571429,.571428571,1,16,2,8,70,-12,-5,0,-17,63.5,.5,-.2575,1.2975,1.00625,.17,4.435,.43,0,1,0,3,0,0,71,5,5.58333333333333
AXJ1PE87PD0KK,705,4A50hhimnMnOBWxzsN,29,0,1,4,2,5,1,.642857143,1,0,1,7,1,12,81,-3,0,0,-3,56,0,-.34375,.78625,.7175,.33875,3.57375,.42875,0,1,0,3,0,0,99,5.5,5.5
AXO22N46CSNVT,274,gw5q5vpJnMnjhj0z6B,31,1,1,3,60,4,1,1,.857142857,.142857143,1,27,3,5,51,0,0,0,0,51,1,-.18,1.3825,.9325,.31125,4.03875,.42125,0,0,2,3,0,0,67,4.66666666666667,6.08333333333333
AXTFSJDN2YLO5,766,rP5QyUg9nMnBCE4zpU,46,0,1,1,0,5,.5,.571428571,.285714286,.714285714,4,47,5,13,74,0,0,0,0,49.5,1.5,-.15,1.24125,.8775,.40875,3.8,.41625,1,0,0,3,0,0,116,6.16666666666667,5.16666666666667
AYIFHDQSXQJ6B,670,Sf56EDqjnMn9fRlza3,35,0,1,2,50,5,.25,.642857143,.428571429,.571428571,4,48,5,11,76,0,0,0,0,50,0,-.72875,.10625,.47875,.20375,4.4175,.3725,1,0,1,3,0,0,77,6.33333333333333,6.25
AYY7JSAD0SGXL,165,665ujeVXnMnUVkrzoT,37,0,1,4,20,5,1,.571428571,.714285714,.285714286,2,23,2,12,87,-1,-4,0,-5,49,1,-.665,-.14375,.39375,.30125,3.87875,.3375,0,0,0,3,0,0,68,7.16666666666667,6.33333333333333
AZJKB1D4AFMQY,774,2H5XwLyenMnTBLYzEW,31,0,1,2,100,5,0,.428571429,.428571429,.571428571,1,29,2,4,67,0,0,0,0,59,5,-.26,.95125,.78625,.29625,4.125,.3375,0,0,0,3,0,0,59,4.5,6.75
AZLD2FVICRC73,652,7t5fDkfunMn0T3nz6N,45,0,1,5,100,4,.75,.928571429,.714285714,.285714286,2,34,5,8,98,0,0,0,0,37.5,12.5,-.335,1.9,1.1475,.0625,5.0475,.6275,1,3,0,3,0,0,125,6,6.33333333333333
AZMOA8ONG0D2U,311,oW510P9UnMnaEbVzN9,39,1,1,2,20,5,.75,.714285714,.285714286,.714285714,8,90,10,8,56,8,-7,-8,-7,47,8,-.205,1.2975,.9075,.31625,4.15125,.41375,0,0,0,3,0,0,72,5,6.33333333333333
AZZA3J049G7R5,294,V253LOdInMnC7qAzsV,28,0,1,1,0,5,.75,.642857143,.857142857,.142857143,2,21,2,8,63,-10,-9,0,-19,64.5,2,-.82,-.06625,.36125,.2,4.23875,.325,0,0,0,3,0,0,61,4.5,6.5
