V1,subj_idx,subnum_J,turkId,PrivateID,Direction,PDI,PDI_GROUP,CAPS,CAPS_GROUP,ASI,ASI_GROUP,dospert,DOSPERT_GROUP,samples,SAMPLES_GROUP,ranks,gender,language,education,religion,crtFamiliarity,verbalReasoning,wordSum,crt,intuitive,cape,pdiDichot,beadsDraws,DTD_GROUP,la_bead,adj_3,adj_6,adj_9,overAdjust,ipr,pr,bade,evidenceInt,evidIntImp,bace,posResp,la_bade,attempts,unchanged_bade,unchanged_bead,checks_passed,inattentive,unresponsive,check_match,drift_rate,decision_trheshold,trial,rt,response
1433,ziewgh,463,AWNQ9E62XRB0O,1639065,Right,16,LPDI,15,HCAPS,9,HASI,71,LDOSPERT,5,LSAM,5.583333333,0,0,1,10,4,1,.571428571,.428571429,.571428571,1,2,8,LDTD,70,-12,-5,0,-17,63.5,.5,-.2575,1.2975,1.00625,.17,4.435,.43,0,1,0,3,False,False,True,-.331976747,1.722812322,1,.896548,.5
3299,uguxiv,477,A1B5SSGMTAQ9B5,1639069,Left,10,LPDI,0,LCAPS,0,LASI,93,HDOSPERT,6.333333333,HSAM,5.75,0,1,4,90,3,.75,.714285714,.571428571,.428571429,1,1,3,LDTD,25,-6,-4,-5,-15,60.5,.5,-.04625,.81625,.8275,.2275,3.82625,.16375,0,1,0,3,False,False,True,1.172476561,4.418975818,1,2.73630689655172,.96551724137931
2651,yrsjbx,310,A1F8O6BA8AZTRF,1639126,Left,35,HPDI,84,HCAPS,26,HASI,75,LDOSPERT,6,HSAM,4.75,0,1,3,85,4,0,.785714286,.571428571,.428571429,3,4,11,HDTD,96,0,0,0,0,50.5,.5,-.5175,.73875,.77125,.1425,4.77875,.41375,0,2,0,3,False,False,True,2.052801077,1.571104519,1,1.25308433333333,1
1292,yzgwzi,308,A1NYI79LUIBOTP,1639153,Right,39,HPDI,0,LCAPS,3,LASI,90,HDOSPERT,4.833333333,LSAM,7.166666667,1,1,3,100,1,1,.571428571,1,0,2,4,1,LDTD,73,-6,-3,-4,-13,74,17,-.87125,-.86625,.10625,.3075,3.56625,.105,0,0,0,3,False,False,True,1.098426943,1.612868237,1,1.060193,.766666666666667
1380,fblvcf,48,AOAZMLP27GD81,1639164,Left,21,LPDI,25,HCAPS,3,LASI,63,LDOSPERT,5,LSAM,6.666666667,1,1,1,5,5,.75,1,1,0,1,2,8,LDTD,60,-5,-3,-3,-11,55,.5,-.515,.565,.63125,.19125,4.3975,.355,0,0,0,3,False,False,True,1.165605127,1.701584661,1,1.371062,.833333333333333
4062,wsbtqk,639,A82Q1HS5CPZ5I,1639182,Right,35,HPDI,0,LCAPS,4,LASI,62,LDOSPERT,7.666666667,HSAM,4.25,1,1,2,50,4,.5,.357142857,0,1,4,4,14,HDTD,100,-9,-10,0,-19,71,.5,-.5075,-.31875,.42125,.36875,3.44125,.2925,0,0,0,3,False,False,True,1.311284047,1.469783806,1,1.17694733333333,.8
2027,oaupty,705,AXJ1PE87PD0KK,1639200,Right,7,LPDI,14,HCAPS,1,LASI,99,HDOSPERT,5.5,HSAM,5.5,0,1,4,2,5,1,.642857143,1,0,1,1,12,HDTD,81,-3,0,0,-3,56,0,-.34375,.78625,.7175,.33875,3.57375,.42875,0,1,0,3,False,False,True,1.100592121,2.327182588,1,1.727964,.933333333333333
4122,klyysb,75,A2FLOH4DM8A4ZS,1639243,Right,0,LPDI,0,LCAPS,0,LASI,87,HDOSPERT,8,HSAM,3.583333333,1,1,2,50,5,1,.857142857,.857142857,.142857143,0,0,4,LDTD,50,-1,-2,-2,-5,50,0,0,1.645,1,.3525,3.04125,.5,0,2,1,3,False,False,True,.693639043,1.770334354,1,1.29936933333333,.8
2503,vpvvvv,905,A3D2U4QF7821ZW,1639279,Right,35,HPDI,25,HCAPS,17,HASI,81,LDOSPERT,5.833333333,HSAM,6.083333333,0,1,3,5,5,1,.642857143,.857142857,.142857143,3,4,11,HDTD,82,-7,-6,-6,-19,58,0,-.41875,.685,.72875,.2825,4.46,.3025,0,0,0,3,False,False,True,1.005755779,2.182239346,1,1.38428766666667,.933333333333333
3972,ludvys,428,A3RLCGRXA34GC0,1639284,Left,26,HPDI,31,HCAPS,10,HASI,109,HDOSPERT,7.333333333,HSAM,3.583333333,1,1,3,99,5,.75,.857142857,1,0,2,4,5,LDTD,38,0,0,0,0,50.5,.5,-.39875,1.21625,.85375,.24125,4.36125,.48,2,0,0,3,False,False,True,3.059195211,2.816743003,1,.877088166666667,.966666666666667
3001,fhcmzr,766,AXTFSJDN2YLO5,1649953,Right,47,HPDI,0,LCAPS,0,LASI,116,HDOSPERT,6.166666667,HSAM,5.166666667,0,1,1,0,5,.5,.571428571,.285714286,.714285714,4,5,13,HDTD,74,0,0,0,0,49.5,1.5,-.15,1.24125,.8775,.40875,3.8,.41625,1,0,0,3,False,False,True,3.410404546,1.94947946,1,1.0065175,.966666666666667
760,lkedvq,774,AZJKB1D4AFMQY,1649954,Left,29,HPDI,0,LCAPS,0,LASI,59,LDOSPERT,4.5,LSAM,6.75,0,1,2,100,5,0,.428571429,.428571429,.571428571,1,2,4,LDTD,67,0,0,0,0,59,5,-.26,.95125,.78625,.29625,4.125,.3375,0,0,0,3,False,False,True,.310163902,1.809005534,1,.920023,.7
2264,gllrgo,547,A1GRPIBHW72HDU,1649955,Right,58,HPDI,25,HCAPS,10,HASI,121,HDOSPERT,5.666666667,HSAM,7.25,1,1,2,75,5,.75,.571428571,.857142857,.142857143,4,7,9,LDTD,65,0,0,0,0,51,1,-.2675,1.175,.8875,.3,3.9175,.4625,0,0,0,2,False,False,True,.829680745,2.81146072,1,2.63075862068966,.827586206896552
2353,tgrckb,656,APDDA1Y59RHV9,1649956,Right,17,LPDI,18,HCAPS,12,HASI,63,LDOSPERT,5.833333333,HSAM,7,0,1,2,100,4,.5,.571428571,.571428571,.285714286,1,2,10,HDTD,89,-15,-2,1,-16,45.5,17.5,-.745,-.29375,.3825,.25375,4.3375,.33625,0,0,0,3,False,False,True,2.568106447,1.313370111,1,.7622965,.933333333333333
1939,xsblsk,276,A3MYPYBVHX7FQ2,1649961,Right,150,HPDI,97,HCAPS,18,HASI,137,HDOSPERT,5.333333333,LSAM,7.166666667,1,1,2,100,5,1,.785714286,.571428571,.428571429,12,16,11,HDTD,0,0,0,0,0,50.5,.5,-.3275,.5475,.57,.41,3.42625,.31375,0,0,0,3,False,False,True,2.302260952,2.588005265,1,.751442833333333,.933333333333333
3533,yzqvim,663,A3OV174HQJIJK8,1649968,Right,28,HPDI,0,LCAPS,7,HASI,52,LDOSPERT,6.833333333,HSAM,6,1,1,2,100,5,.75,1,1,0,2,3,14,HDTD,100,0,-5,0,-5,57.5,0,-.49625,.68125,.81375,.1775,4.3525,.44,1,1,0,3,False,False,True,.933246495,2.593472197,1,2.12918051724138,.827586206896552
2413,btesru,53,A31898LQJO7I3,1649969,Right,7,LPDI,5,LCAPS,9,HASI,79,LDOSPERT,5.833333333,HSAM,6.416666667,1,1,3,40,5,1,.714285714,.714285714,.285714286,1,1,9,LDTD,60,0,0,0,0,50,2.5,-.96875,-.755,.11,.23,4.1275,.10875,0,0,0,3,False,False,True,.87289338,3.021680194,1,2.2247,.866666666666667
2383,hnzlsr,948,A22LQL0UHAOMC9,1649972,Right,0,LPDI,0,LCAPS,2,LASI,67,LDOSPERT,5.833333333,HSAM,4.833333333,0,1,3,100,5,.5,.714285714,.857142857,.142857143,0,0,11,HDTD,56,-9,1,2,-6,60,.5,-.54,.22625,.54,.26,4.06,.33125,0,0,0,3,False,False,True,1.805960427,1.255101749,1,.931266666666667,.866666666666667
1172,nhtyds,197,A2TUUIV61CR0C7,1649974,Right,63,HPDI,4,LCAPS,6,LASI,69,LDOSPERT,4.833333333,LSAM,6.916666667,0,1,1,50,1,1,.714285714,.428571429,.571428571,7,6,12,HDTD,40,0,0,0,0,50,0,-.4175,.595,.67125,.2475,4.19625,.3125,0,0,0,3,False,False,True,.445476504,2.488406676,1,2.10135616666667,.833333333333333
116,hsddii,819,A2EED3HLTA96CP,1649978,Right,0,LPDI,0,LCAPS,0,LASI,60,LDOSPERT,2.666666667,LSAM,6.5,0,1,3,1,4,.75,1,.857142857,.142857143,0,0,11,HDTD,66,-2,0,0,-2,50,1,-.6525,-.48875,.215,.46,3.23875,.1825,0,1,0,3,False,False,True,1.494927896,1.983560331,1,1.27116666666667,.933333333333333
1144,hgsqom,345,A7XOIQCYY2YCO,1649984,Right,23,HPDI,0,LCAPS,2,LASI,56,LDOSPERT,4.833333333,LSAM,6.666666667,0,1,3,100,4,1,.642857143,.714285714,.285714286,0,2,14,HDTD,80,0,-12,0,-12,50,0,-.23125,1.02125,.77125,.16375,3.65625,.35375,0,0,0,3,False,False,True,1.150991054,6.349267642,1,3.33107142857143,.964285714285714
2204,drviyd,284,A2CHDWKAYZ3P3E,1649986,Left,22,HPDI,0,LCAPS,7,HASI,80,LDOSPERT,5.666666667,HSAM,6.833333333,1,1,1,10,5,.5,.571428571,.285714286,.714285714,1,2,9,LDTD,82,-23,-9,0,-32,66,0,-.55875,-.7,.155,.5075,3.07875,.14,0,0,0,2,False,False,True,1.927068243,1.015281139,1,.508732333333333,.866666666666667
3091,moxvav,471,A3HFFCEJ22YZFV,1649987,Left,0,LPDI,10,LCAPS,5,LASI,72,LDOSPERT,6.333333333,HSAM,6.833333333,0,1,1,100,5,.5,.571428571,.571428571,.285714286,0,0,1,LDTD,50,0,23,0,23,40,3.5,-.2325,.99375,.94375,.28625,4.665,.3,0,0,1,3,False,False,True,2.159409907,1.516012098,1,1.09402,.833333333333333
206,qgxajp,411,A7P3R1AIA4TVV,1649989,Right,4,LPDI,0,LCAPS,0,LASI,98,HDOSPERT,2.833333333,LSAM,6,1,1,1,0,3,.5,.714285714,.428571429,.428571429,0,1,9,LDTD,90,0,0,0,0,50,0,-.01,1.30875,.9275,.36125,3.2475,.40625,1,3,0,3,False,False,True,.995310644,2.40888339,1,1.394787,.9
2057,uvfxjp,365,A2H8HVANGF4A58,1649991,Left,41,HPDI,27,HCAPS,13,HASI,105,HDOSPERT,5.5,HSAM,6.166666667,1,1,3,70,4,.75,.571428571,.142857143,.857142857,2,4,4,LDTD,50,-3,-5,-2,-10,57,.5,-.4425,.65125,.85125,.09875,5.10375,.37125,0,0,0,3,False,False,True,.006149421,2.006514448,1,1.48087892857143,.607142857142857
3473,yrmiea,802,A2Q7BWWDXGQJQR,1649994,Left,0,LPDI,0,LCAPS,1,LASI,85,HDOSPERT,6.666666667,HSAM,5.166666667,1,1,3,10,3,.25,.714285714,.428571429,.571428571,0,0,12,HDTD,76,0,0,0,0,50.5,.5,-.37375,.365,.5925,.3675,3.36375,.29625,0,1,0,3,False,False,True,1.597526547,2.313953427,1,1.47103866666667,.966666666666667
2443,zzijii,480,A2B93NS1ZZ7QD7,1650000,Left,29,HPDI,0,LCAPS,0,LASI,80,LDOSPERT,5.833333333,HSAM,6,1,1,1,40,5,1,.785714286,.857142857,.142857143,4,4,13,HDTD,60,-2,0,0,-2,52,0,-.43875,.61875,.8,.2225,4.8525,.33375,0,0,0,3,False,False,True,1.834568852,3.005383319,1,1.65030766666667,.9
3414,ewmyig,833,A3N6SBFK109S07,1650011,Right,23,HPDI,17,HCAPS,6,LASI,107,HDOSPERT,6.5,HSAM,5.916666667,1,1,3,0,1,1,.785714286,.428571429,.571428571,2,3,9,LDTD,90,0,0,0,0,59,.5,-.18375,1.32125,.91625,.18375,3.9,.3975,0,3,0,3,False,False,True,-.142836735,1.822891864,1,1.59993379310345,.586206896551724
3793,fjfpnk,357,A13WYZ8AXD6ODX,1650023,Right,54,HPDI,32,HCAPS,9,HASI,96,HDOSPERT,7,HSAM,5.833333333,1,1,1,1,5,.75,.642857143,0,1,6,6,11,HDTD,85,0,0,0,0,50,0,-.64125,.08875,.465,.3675,3.66125,.4175,0,0,0,2,False,False,True,1.622669244,5.496108431,1,2.44999316666667,.966666666666667
2563,etexfx,24,A1VM06KJPJEYUD,1650024,Right,21,LPDI,6,LCAPS,0,LASI,64,LDOSPERT,6,HSAM,6,1,1,3,0,1,1,.785714286,.714285714,.285714286,2,3,8,LDTD,75,-5,-2,-3,-10,57.5,1,-.505,.3875,.6825,.33125,3.85875,.4975,0,0,0,3,False,False,True,.978485968,1.541207615,1,1.0512635,.8
2711,listjc,590,A1SLJKNSNHOJRN,1650025,Right,38,HPDI,25,HCAPS,7,HASI,89,HDOSPERT,6,HSAM,6.5,1,1,3,45,5,.5,.928571429,1,0,4,4,13,HDTD,75,0,0,0,0,50.5,0,-.1875,.96875,.7525,.37125,3.25875,.39625,0,1,0,3,False,False,True,1.019050173,2.139975399,1,1.49305816666667,.966666666666667
2887,bhjnda,457,A3VENK02U0X16N,1650060,Left,27,HPDI,53,HCAPS,4,LASI,64,LDOSPERT,6.166666667,HSAM,6.833333333,0,1,4,5,5,1,.928571429,.857142857,.142857143,4,5,8,LDTD,76,-7,0,-3,-10,58,5.5,-.3325,.86375,.77,.3525,3.99,.41625,0,0,0,3,False,False,True,.546658456,2.81265243,1,2.0744375,.7
1084,nktsrp,991,A1EH9BPKYXFBS5,1650062,Right,10,LPDI,0,LCAPS,7,HASI,120,HDOSPERT,4.666666667,LSAM,5.5,0,1,4,0,4,.75,.928571429,.857142857,.142857143,1,1,9,LDTD,94,0,0,0,0,57.5,0,-.03875,1.41875,1.04125,.3325,3.7725,.45,0,0,1,2,False,False,True,2.828870067,4.163160824,1,1.17947833333333,1
525,mxjgzd,194,A2O7LNRIBPIHAF,1650063,Left,45,HPDI,17,HCAPS,9,HASI,90,HDOSPERT,4.166666667,LSAM,6.75,1,0,1,50,4,.75,.714285714,.285714286,.714285714,5,7,13,HDTD,68,0,2,-1,1,49.5,19.5,-.61125,-.675,.18375,.44,3.25625,.0875,0,0,0,3,False,False,True,1.824382453,1.93929197,1,1.18963683333333,.9
1997,occnwj,893,AAJ1ZQECDZBEE,1650087,Right,14,LPDI,0,LCAPS,6,LASI,81,LDOSPERT,5.5,HSAM,6.166666667,1,1,4,100,4,1,.857142857,1,0,0,2,5,LDTD,74,0,0,0,0,75.5,25.5,-.6525,.45125,.52875,.225,4.51,.35625,0,0,1,3,False,False,True,1.676584873,1.41380911,1,1.0037,.966666666666667
734,ljfhts,561,A16184N1RO5OJV,1650099,Left,43,HPDI,55,HCAPS,16,HASI,51,LDOSPERT,4.5,LSAM,6.333333333,0,0,3,100,5,.75,.714285714,.857142857,.142857143,3,5,9,LDTD,40,0,0,0,0,57.5,17.5,-.61875,-.19,.2975,.24375,3.92125,.19,0,0,2,3,False,False,True,.408199002,3.036291972,1,2.91320346153846,.692307692307692
3181,koblxj,504,A2TG7EEQ2XG2IK,1650107,Right,0,LPDI,0,LCAPS,1,LASI,83,HDOSPERT,6.333333333,HSAM,6.666666667,0,1,1,100,5,0,.642857143,.285714286,.714285714,0,0,11,HDTD,55,-3,-2,-2,-7,49.5,1.5,-.13,.9675,.75875,.4375,3.22,.335,0,0,0,3,False,False,True,.942659551,3.583326998,1,2.67272732142857,.857142857142857
2234,gwaszm,789,A25N802S4J344I,1650123,Left,45,HPDI,32,HCAPS,15,HASI,99,HDOSPERT,5.666666667,HSAM,5.916666667,1,1,3,20,5,1,.928571429,.714285714,.285714286,8,7,11,HDTD,44,0,0,0,0,50,0,-.195,.4,.51625,.45375,2.7225,.22125,0,1,0,3,False,False,True,2.000045759,1.240461417,1,1.14967366666667,.9
3269,msdwhk,474,A1GQ2Q1USIMC63,1650129,Right,38,HPDI,5,LCAPS,3,LASI,89,HDOSPERT,6.333333333,HSAM,5.25,0,1,3,0,4,1,.642857143,.571428571,.428571429,3,4,12,HDTD,85,0,0,0,0,53,0,-.06125,1.27375,.87375,.37125,3.13,.4375,0,0,0,3,False,False,True,1.021895851,1.155021187,1,1.023848,.733333333333333
2085,brgtvy,352,A3IO4P2AU6NA18,1650130,Right,20,LPDI,0,LCAPS,2,LASI,122,HDOSPERT,5.5,HSAM,4.833333333,1,1,3,67,4,.75,.928571429,.714285714,.285714286,2,3,30,HDTD,55,0,0,0,0,51.5,0,-.12375,.865,.67,.4425,3.28375,.23375,0,0,0,3,False,False,True,1.513132847,2.872326229,1,1.41416566666667,.933333333333333
1490,xznyif,597,ASZSPKARH2RXY,1650135,Right,30,HPDI,10,LCAPS,16,HASI,82,HDOSPERT,5,LSAM,6.5,1,1,3,25,4,.5,.785714286,.571428571,.285714286,3,3,8,LDTD,65,0,0,0,0,57,1,-.4025,-.1075,.34375,.28125,3.46625,.14125,1,0,0,3,False,False,True,1.357063055,3.079942928,1,1.500749,.9
877,pisdmy,170,A34LSCB90T5KYE,1650195,Left,75,HPDI,153,HCAPS,16,HASI,74,LDOSPERT,4.5,LSAM,4.916666667,0,1,3,60,4,.5,.714285714,.142857143,.857142857,5,7,8,LDTD,71,-6,-4,-4,-14,54.5,4.5,-.0425,2.07,1.2675,.1575,5.01625,.49875,0,0,0,3,False,False,True,2.910921065,1.774494712,1,1.049058,.933333333333333
615,uhcvwc,725,A3GAQNTZ1V1VO,1650198,Right,0,LPDI,0,LCAPS,0,LASI,70,LDOSPERT,4.333333333,LSAM,7.166666667,1,1,4,30,4,1,.928571429,.857142857,.142857143,0,0,17,HDTD,62,0,0,1,1,51,.5,-.23125,.02125,.38125,.57875,2.59875,.17125,1,0,0,3,False,False,True,1.704266362,2.72333604,1,1.31533033333333,.966666666666667
2115,bgqjqa,512,A212OY08MFDGU3,1650211,Left,26,HPDI,0,LCAPS,0,LASI,129,HDOSPERT,5.5,HSAM,5.833333333,0,1,2,75,5,1,.571428571,.571428571,.428571429,4,4,9,LDTD,62,0,0,0,0,45.5,4.5,-.21125,1.48125,.92875,.24375,3.8225,.4625,0,4,0,3,False,False,True,1.485905976,1.850964758,1,.883665172413793,.931034482758621
236,gpqqou,182,A33JJY3A6V90QM,1650220,Right,7,LPDI,0,LCAPS,2,LASI,59,LDOSPERT,3.166666667,LSAM,6.333333333,0,1,1,100,1,.5,.5,.428571429,.571428571,1,1,9,LDTD,100,0,0,0,0,50,0,-.475,.05875,.3825,.2625,3.45375,.31375,0,0,0,3,False,False,True,1.010035154,1.843180315,1,1.33742,.8
2857,ywcjhx,384,A3N5RLYH05PY8L,1650236,Left,10,LPDI,11,LCAPS,4,LASI,61,LDOSPERT,6.166666667,HSAM,5.75,0,1,1,100,5,.75,.428571429,.857142857,0,0,1,12,HDTD,90,0,0,0,0,68,12.5,-.94625,-.225,.405,.12375,4.965,.39875,0,0,0,3,False,False,True,.344352611,1.198858349,1,.850292666666667,.6
416,thwpqb,470,A1VKND3W5E5W1S,1650241,Left,20,LPDI,39,HCAPS,15,HASI,57,LDOSPERT,3.666666667,LSAM,6,0,1,4,100,3,1,.928571429,0,.714285714,0,2,9,LDTD,76,0,0,0,0,50.5,.5,-.18625,1.25375,.89875,.28625,3.95125,.415,0,0,0,3,False,False,True,.532813484,4.359679262,1,3.749584,.8
2801,owgdgg,447,A12NO2MNOIREXA,1650452,Left,26,HPDI,85,HCAPS,12,HASI,52,LDOSPERT,6.166666667,HSAM,6.416666667,1,1,3,70,5,.75,.428571429,.857142857,.142857143,4,3,12,HDTD,65,-9,-5,-5,-19,47.5,.5,-.39875,.45625,.56125,.38875,4.00125,.1875,0,0,0,2,False,False,True,.765881146,1.424393923,1,1.07380733333333,.733333333333333
3151,zvcphw,670,AYIFHDQSXQJ6B,1650514,Left,48,HPDI,33,HCAPS,7,HASI,77,LDOSPERT,6.333333333,HSAM,6.25,0,1,2,50,5,.25,.642857143,.428571429,.571428571,4,5,11,HDTD,76,0,0,0,0,50,0,-.72875,.10625,.47875,.20375,4.4175,.3725,1,0,1,3,False,False,True,-.168487493,2.298824462,1,2.04462266713333,.5
86,qfbcvl,277,A38QGJJOZANQ4B,1651458,Left,26,HPDI,32,HCAPS,13,HASI,119,HDOSPERT,2,LSAM,6.833333333,1,1,2,0,4,1,.5,.285714286,.714285714,3,3,8,LDTD,75,0,0,2,2,50.5,12.5,-.4025,1.44375,.89625,.355,4.13875,.52375,0,1,0,3,False,False,True,1.54675761,1.612477296,1,.929981,.9
2593,rqzuyt,43,A1SSYN7TXMTJS4,1651774,Left,6,LPDI,0,LCAPS,2,LASI,68,LDOSPERT,6,HSAM,7.5,1,1,3,100,5,.25,.785714286,0,1,0,1,3,LDTD,25,0,0,0,0,24,26,-.575,-.5125,.26625,.405,3.57875,.2075,1,0,1,3,False,False,True,.11016385,1.594493861,1,1.20127775862069,.482758620689655
386,pqddtd,417,A110KENBXU7SUJ,1652166,Right,39,HPDI,20,HCAPS,5,LASI,55,LDOSPERT,3.666666667,LSAM,4.833333333,1,1,1,50,5,1,1,.857142857,.142857143,4,4,9,LDTD,83,0,0,0,0,57.5,7.5,-.32375,.4325,.575,.405,3.315,.3475,1,0,0,3,False,False,True,1.832776737,3.171728106,1,1.25982266666667,.966666666666667
1579,ybozno,773,A1JJNB108BPMRN,1652284,Left,44,HPDI,62,HCAPS,14,HASI,95,HDOSPERT,5,LSAM,7.5,0,1,2,60,5,1,.928571429,.857142857,.142857143,7,7,10,HDTD,67,-3,0,0,-3,50.5,.5,-.37375,.55125,.61,.38,3.40125,.3675,0,0,0,3,False,False,True,.848391895,2.400927549,1,1.870948,.833333333333333
2323,kpctlo,744,A2JTIULYK1B15I,1653104,Left,6,LPDI,8,LCAPS,0,LASI,50,LDOSPERT,5.833333333,HSAM,7,0,0,4,10,4,1,1,.714285714,.142857143,1,1,10,HDTD,50,0,-1,-1,-2,50,.5,-.2525,.995,.81625,.32625,3.9675,.39875,0,0,0,3,False,False,True,.652570907,2.373154944,1,2.20084766666667,.8
2622,xzlmtw,7,A4CHLWPHZIP7Y,1653229,Left,22,HPDI,50,HCAPS,10,HASI,71,LDOSPERT,6,HSAM,4.833333333,0,1,3,40,5,1,.857142857,.857142857,.142857143,3,2,12,HDTD,75,-5,0,0,-5,51,.5,-.45,1.14,.8675,.22125,4.7225,.45,0,0,0,3,False,False,True,2.095873556,.919050827,1,.757836896551724,.862068965517241
3209,jscpfy,702,A2RRDATXKQ8HHC,1653334,Right,38,HPDI,4,LCAPS,6,LASI,84,HDOSPERT,6.333333333,HSAM,6.166666667,1,1,3,10,3,.75,.857142857,.857142857,0,3,5,12,HDTD,71,-4,-1,-4,-9,60,5.5,-.36375,.475,.64,.315,3.42625,.37625,0,0,0,3,False,False,True,.990405768,2.840370964,1,1.5547955,.9
997,risblr,245,A2HHKBW8HQWI66,1653340,Right,0,LPDI,0,LCAPS,0,LASI,51,LDOSPERT,4.666666667,LSAM,6.5,1,1,3,0,5,.75,.928571429,1,0,0,0,8,LDTD,55,-4,0,0,-4,50.5,.5,-.1625,.85,.63375,.41125,2.75,.31625,0,1,0,3,False,False,True,1.04632568,2.177612156,1,1.431597,.933333333333333
645,pbzaob,129,A1DKVUTOBPQH11,1653354,Left,29,HPDI,47,HCAPS,17,HASI,75,LDOSPERT,4.333333333,LSAM,6.833333333,1,1,3,100,1,1,.714285714,1,0,3,4,12,HDTD,88,0,0,0,0,73.5,10,-.3575,.6375,.75875,.41375,3.7075,.38375,1,0,0,3,False,False,True,3.327768843,.986483123,1,.648110166666667,.933333333333333
1027,xuvolq,726,A2DNLHS1RSTF5R,1653359,Right,24,HPDI,4,LCAPS,0,LASI,67,LDOSPERT,4.666666667,LSAM,6.166666667,0,1,4,100,4,.75,.428571429,.714285714,.285714286,1,3,8,LDTD,74,-9,0,0,-9,50.5,.5,-.18375,.69875,.74125,.5,3.08,.41875,0,0,0,3,False,False,True,.517918845,1.758197212,1,1.41535111111111,.777777777777778
3883,xjjczg,275,A22DL4DE4DYB0,1653378,Left,0,LPDI,0,LCAPS,5,LASI,57,LDOSPERT,7.333333333,HSAM,5.333333333,1,1,3,0,5,1,.714285714,.428571429,.571428571,0,0,9,LDTD,77,-11,-9,-10,-30,49,1,-.60875,.3275,.5725,.2425,4.38375,.3675,0,0,0,3,False,False,True,.602711356,2.815848174,1,2.07743913793103,.724137931034483
3358,rsbjpk,344,A1YGF0LJJGB30G,1653394,Right,35,HPDI,0,LCAPS,0,LASI,96,HDOSPERT,6.5,HSAM,5,1,1,1,0,3,.75,.857142857,0,1,4,4,14,HDTD,85,0,0,0,0,50.5,.5,-.39125,.23375,.6675,.35125,3.6525,.44875,0,0,0,3,False,False,True,.415384884,2.823082873,1,2.09966333333333,.633333333333333
1759,chlelw,903,A2YVC1U50H2B4R,1653404,Left,6,LPDI,8,LCAPS,5,LASI,78,LDOSPERT,5.333333333,LSAM,5.666666667,0,1,3,10,5,.25,.714285714,.714285714,.285714286,0,1,3,LDTD,51,0,0,0,0,56,.5,-.3725,.55375,.645,.3975,3.8525,.29375,0,1,1,3,False,False,True,1.936339827,1.377427315,1,.922794666666667,.9
2741,ojdilv,919,A1SX9DT3XHX845,1653408,Left,0,LPDI,25,HCAPS,9,HASI,89,HDOSPERT,6,HSAM,5.583333333,1,1,2,0,3,.25,.857142857,.714285714,.285714286,0,0,3,LDTD,40,0,0,0,0,50,10,-.6325,.28125,.7225,.1625,4.4975,.45875,0,1,2,3,False,False,True,.654098751,3.620580236,1,2.8679425,.833333333333333
2533,lrhtwt,255,AVJUIF9QHQRY8,1653413,Left,43,HPDI,35,HCAPS,17,HASI,86,HDOSPERT,5.833333333,HSAM,5.666666667,0,1,2,100,1,0,.571428571,.714285714,.285714286,3,6,4,LDTD,66,-9,0,-12,-21,65.5,8,-.22,1.25875,.89625,.27875,3.7925,.49125,1,0,0,3,False,False,True,-.046388868,2.582048683,1,2.65046366666667,.5
3942,cxuuil,105,AMX5R6NLYNA2K,1653459,Right,40,HPDI,14,HCAPS,6,LASI,92,HDOSPERT,7.333333333,HSAM,5.75,1,1,3,55,5,.25,.714285714,.857142857,0,3,4,3,LDTD,20,-5,0,-5,-10,57.5,5.5,-.56125,.31375,.54375,.3475,3.83625,.395,0,0,0,3,False,False,True,.66571773,2.426173439,1,1.8137325,.9
1054,syonmu,246,A2IQ0QCTQ3KWLT,1653481,Left,8,LPDI,33,HCAPS,3,LASI,90,HDOSPERT,4.666666667,LSAM,6.583333333,0,1,1,50,4,0,.5,.142857143,.857142857,2,2,8,LDTD,77,0,0,0,0,56,.5,-.81375,-.61375,.20375,.24875,3.4575,.19625,0,1,0,3,False,False,True,4.515587393,2.055627588,1,.715919833333333,1
266,ovrhkb,405,A1AF6EW9YUMER9,1653654,Left,4,LPDI,0,LCAPS,4,LASI,60,LDOSPERT,3.166666667,LSAM,5.666666667,1,1,4,0,5,.5,.928571429,1,0,1,1,11,HDTD,70,-5,-5,-5,-15,60,5,-.33125,.53,.58875,.38625,3.45,.29125,0,2,0,3,False,False,True,2.994320783,3.582048819,1,1.1041335,.966666666666667
1114,rhgskd,89,A3DKYNYN50FYFY,1653736,Left,71,HPDI,0,LCAPS,6,LASI,146,HDOSPERT,4.666666667,LSAM,6.166666667,1,1,3,100,5,1,1,1,0,4,7,8,LDTD,55,-2,-2,-1,-5,53.5,.5,-.4875,.22625,.4925,.18375,4.1925,.23875,0,0,0,3,False,False,True,.876468728,1.556836453,1,1.51586666666667,.9
3622,lcmhui,45,A3UZW1NTOX6I15,1653782,Left,28,HPDI,0,LCAPS,4,LASI,70,LDOSPERT,6.833333333,HSAM,5.833333333,1,1,3,90,3,.25,.571428571,.428571429,.571428571,2,2,8,LDTD,60,0,0,0,0,50,10,-.71,-.75875,.1475,.3925,3.2875,.1475,1,0,2,3,False,False,True,.434350149,2.220914826,1,3.10870840909091,.772727272727273
326,lzfgvv,660,A11EL5LWS2L1HX,1653785,Right,21,LPDI,0,LCAPS,0,LASI,44,LDOSPERT,3.333333333,LSAM,6.583333333,0,0,1,60,4,.5,.5,.285714286,.714285714,3,3,9,LDTD,63,-1,-2,0,-3,52.5,1,-.3,1.10875,.86625,.31,4.01625,.46375,0,0,0,3,False,False,True,.665768766,2.854611391,1,1.999696,.866666666666667
3443,osioix,697,A110BZSDZN7E16,1653919,Right,16,LPDI,0,LCAPS,0,LASI,77,LDOSPERT,6.666666667,HSAM,5.916666667,1,1,1,100,4,1,.571428571,.714285714,.285714286,1,2,8,LDTD,59,-4,-4,-3,-11,53.5,0,-.77,1.1E-016,.4,.35375,4.1875,.33625,0,0,0,3,False,False,True,.83639481,3.02107043,1,2.10243483333333,.9
3061,zrlvor,859,A3KAW0XBBXOQQY,1653983,Left,48,HPDI,129,HCAPS,27,HASI,64,LDOSPERT,6.333333333,HSAM,6.75,0,1,4,100,4,.75,.571428571,.285714286,.714285714,5,5,12,HDTD,100,0,0,0,0,56.5,.5,-.3525,1.355,.89625,.225,4.38625,.4575,0,3,0,3,False,False,True,1.2889283,.971545737,1,.797492333333333,.9
2971,zyeczc,467,A3EUGO4VR2N4G1,1654074,Left,5,LPDI,12,LCAPS,14,HASI,114,HDOSPERT,6.166666667,HSAM,6.5,1,1,3,0,5,1,.642857143,.714285714,.285714286,0,1,7,LDTD,57,-5,-3,-2,-10,58,.5,-.425,.28375,.445,.35,2.9975,.2225,0,0,0,3,False,False,True,1.210225535,3.599918776,1,2.24828083333333,1
790,jfvqvl,40,AT7QJKGCPSO6J,1654153,Left,30,HPDI,9,LCAPS,6,LASI,61,LDOSPERT,4.5,LSAM,5.333333333,1,1,3,50,5,1,.857142857,.857142857,.142857143,3,4,14,HDTD,90,-2,-4,-1,-7,59,.5,-.57375,-.04,.3375,.3675,3.1,.21,0,0,0,3,False,False,True,1.308781315,2.65982372,1,1.83509166666667,.966666666666667
3121,ozqonn,478,A2KRL7VU5BA72,1654261,Left,151,HPDI,198,HCAPS,24,HASI,75,LDOSPERT,6.333333333,HSAM,6.666666667,1,1,4,50,5,1,.571428571,.428571429,.571428571,12,16,12,HDTD,100,-4,-11,3,-12,49.5,1,-.17125,.86875,.75875,.365,3.3775,.3825,0,0,0,3,False,False,True,2.049051148,1.388522641,1,.848948,.9
1410,mqzabn,499,APY7YO8CH0ZDP,1654311,Right,11,LPDI,29,HCAPS,17,HASI,66,LDOSPERT,5,LSAM,6.25,0,1,1,100,5,.25,.357142857,0,.714285714,1,2,4,LDTD,75,2,0,-2,0,93.5,41.5,-.7725,-.16625,.30375,.32625,3.7525,.19125,0,0,0,3,False,False,True,.164310774,2.004003192,1,1.69340586956522,.565217391304348
675,lrkrzo,280,A1R0689JPSQ3OF,1654393,Left,107,HPDI,46,HCAPS,5,LASI,135,HDOSPERT,4.333333333,LSAM,6.333333333,1,1,3,10,5,1,.642857143,.857142857,.142857143,10,11,11,HDTD,67,0,0,-1,-1,50.5,.5,-.2975,.77,.74875,.3,4.3725,.345,0,0,0,3,False,False,True,1.011346007,2.482957224,1,1.59292533333333,1
1879,vipjax,350,A2W3KKNN3CAY66,1654406,Right,33,HPDI,49,HCAPS,16,HASI,119,HDOSPERT,5.333333333,LSAM,5.5,0,1,2,90,5,.75,.428571429,.857142857,.142857143,4,6,9,LDTD,63,-10,-7,-7,-24,57,6.5,-.495,.09625,.535,.37,4.17875,.22625,1,0,0,3,False,False,True,2.32034999,1.543041813,1,.946948333333333,.9
848,cmfwuk,278,A3B9OZQTE4US3T,1654502,Right,0,LPDI,0,LCAPS,0,LASI,67,LDOSPERT,4.5,LSAM,6.5,1,1,3,0,3,0,.714285714,.428571429,.285714286,0,0,3,LDTD,20,-6,-5,-4,-15,68,18,-.57,.3875,.6175,.2325,4.16625,.38625,1,1,0,2,False,False,True,.7345901,1.938056545,1,1.51855948275862,.793103448275862
146,cmlust,340,A3MCGKRH5KEZR8,1654566,Left,0,LPDI,7,LCAPS,3,LASI,118,HDOSPERT,2.666666667,LSAM,5.083333333,1,1,1,0,4,1,.642857143,.571428571,.285714286,0,0,8,LDTD,100,0,0,0,0,65,0,-.59375,.34625,.65,.185,4.545,.4375,2,1,0,3,False,False,True,2.496641451,1.402755866,1,.800932833333333,.966666666666667
3328,ppsour,737,A3VDG4N48AVYGQ,1654818,Left,8,LPDI,9,LCAPS,15,HASI,84,HDOSPERT,6.5,HSAM,5.75,1,1,3,1,4,1,.857142857,.285714286,.571428571,1,1,9,LDTD,86,0,0,0,0,73,10,-.51375,.59,.60375,.25,4.175,.40125,0,0,0,3,False,False,True,.868823719,2.998277399,1,2.10347333333333,.833333333333333
1232,hguzcl,505,A3KC385CZNYEG5,1655000,Right,39,HPDI,295,HCAPS,28,HASI,77,LDOSPERT,4.833333333,LSAM,5.916666667,0,1,3,0,5,1,1,.571428571,.428571429,4,3,5,LDTD,74,0,0,0,0,51,1,-.10875,1.2025,.85625,.37,3.2025,.43875,0,0,0,3,False,False,True,1.172863128,1.884515476,1,1.61765333333333,.933333333333333
4032,gmwdma,588,AUZ3YWTVBISNH,1655164,Right,34,HPDI,39,HCAPS,11,HASI,77,LDOSPERT,7.5,HSAM,4.166666667,1,1,1,100, ,.5,.571428571,.285714286,.714285714,3,4,7,LDTD,75,0,0,0,0,67.5,20,-.09625,.92625,.8175,.39,3.41875,.29375,1,2,0,3,False,False,True,2.424470508,2.209386832,1,1.04715516666667,.933333333333333
3592,indvrp,754,A332S5HG3XL6TE,1655201,Left,18,LPDI,0,LCAPS,0,LASI,70,LDOSPERT,6.833333333,HSAM,6.166666667,0,1,3,45,4,1,.714285714,.714285714,.285714286,2,2,13,HDTD,64,-1,-2,-1,-4,57,.5,-.5425,.465,.6025,.1,4.7075,.31125,0,0,0,3,False,False,True,1.00658427,2.470547342,1,1.9309065,.9
1202,fjuvtn,254,AUFOO8PU2BK37,1658370,Right,0,LPDI,19,HCAPS,0,LASI,69,LDOSPERT,4.833333333,LSAM,6.333333333,0,1,3,0,5,.5,.428571429,.142857143,.714285714,0,0,8,LDTD,49,0,0,0,0,61.5,1,-.18125,1.355,.90625,.2075,3.89375,.4,1,1,0,2,False,False,True,3.354613568,3.361040343,1,.785420666666667,.966666666666667
3853,tabwjc,553,A2RTJ6BDY0DZVZ,1658744,Right,39,HPDI,65,HCAPS,15,HASI,59,LDOSPERT,7.166666667,HSAM,5.25,0,1,3,90,5,1,.642857143,.857142857,.142857143,4,4,8,LDTD,75,0,-5,0,-5,40,12.5,-.73,-.81375,.11,.305,3.47625,.08625,0,0,0,3,False,False,True,2.886993306,3.357223037,1,.9959265,.966666666666667
296,embpwk,682,A3696JXTRKL2FI,1659330,Left,0,LPDI,0,LCAPS,2,LASI,84,HDOSPERT,3.166666667,LSAM,7,1,1,3,0,5,.75,.785714286,.857142857,.142857143,0,0,11,HDTD,67,-1,-4,0,-5,53.5,0,-.465,.75875,.68875,.30625,4.14375,.39625,0,0,0,3,False,False,True,1.393752807,1.054109055,1,.680367833333333,.9
436,ybyomq,811,A23PQPECIUVKHC,1659695,Left,14,LPDI,0,LCAPS,14,HASI,91,HDOSPERT,3.833333333,LSAM,3.666666667,1,0,3,100,3,1,.642857143,.857142857,.142857143,2,3,8,LDTD,63,0,0,0,0,50,1,-.695,-.10875,.435,.205,4.2,.3775,0,0,0,3,False,False,True,.748101535,1.490975345,1,1.07086206896552,.793103448275862
1789,xoifrj,823,A2R94TPU1TG9OR,1659845,Left,25,HPDI,0,LCAPS,6,LASI,83,HDOSPERT,5.333333333,LSAM,4.833333333,1,1,4,1,5,1,.857142857,.857142857,.142857143,3,3,13,HDTD,63,0,0,0,0,49.5,.5,-.1075,.99375,.7975,.3475,3.40625,.29625,0,0,0,3,False,False,True,.98618547,1.451931203,1,1.08263333333333,.866666666666667
3239,cnjmeh,808,ANWY0TG55MWW9,1659902,Right,0,LPDI,40,HCAPS,25,HASI,84,HDOSPERT,6.333333333,HSAM,5.75,1,0,3,100,1,.75,.785714286,.571428571,.285714286,0,0,13,HDTD,60,0,0,0,0,54.5,5.5,-.00125,1.8025,1.0775,.32875,3.91,.4575,0,1,0,2,False,False,True,1.191795428,2.574704279,1,1.55770533333333,.933333333333333
2941,ckddfy,144,A2AY4ZM3Y9BTYZ,1660038,Left,0,LPDI,13,HCAPS,9,HASI,97,HDOSPERT,6.166666667,HSAM,5.833333333,1,1,3,20,5,.25,.928571429,.428571429,.571428571,0,0,11,HDTD,60,-5,-1,0,-6,49.5,.5,-.4625,.60375,.645,.305,4.15,.3525,0,0,0,3,False,False,True,1.796173451,1.69017298,1,1.59139733333333,.9
356,klvhym,156,A1TYDVHEFPZC86,1660374,Right,0,LPDI,51,HCAPS,4,LASI,76,LDOSPERT,3.333333333,LSAM,5.666666667,0,1,3,95,3,.75,.857142857,.714285714,.285714286,0,0,28,HDTD,68,-6,-12,-13,-31,52.5,1,-.48375,1.16125,.8175,.0625,4.53,.4825,0,0,0,3,False,False,True,.17353678,2.05429379,1,1.84910916666667,.6
3388,roxghf,341,A2EH0DH8QM4ZSB,1664714,Right,57,HPDI,13,HCAPS,25,HASI,103,HDOSPERT,6.5,HSAM,6.166666667,1,1,2,50,4,1,.357142857,.714285714,.285714286,5,5,12,HDTD,100,-6,0,0,-6,74,0,-.735,-.21125,.3025,.46,3.50125,.1575,0,1,0,3,False,False,True,.975524852,1.123022016,1,.469674807692308,.730769230769231
3503,hzcjce,179,A10AUPF8B5NJPC,1664950,Left,10,LPDI,7,LCAPS,7,HASI,96,HDOSPERT,6.666666667,HSAM,5.333333333,1,1,5,75,3,.5,.928571429,.714285714,.142857143,1,1,8,LDTD,75,-13,-3,0,-16,58,1,-.20125,1.44625,1.045,.285,4.1925,.5525,0,0,0,3,False,False,True,1.664956171,1.522257276,1,.9733535,.833333333333333
1699,pwiuch,161,A3R5OJR60C6004,1666583,Right,4,LPDI,5,LCAPS,4,LASI,68,LDOSPERT,5.333333333,LSAM,6.666666667,1,1,3,90,1,.5,.928571429,.285714286,.571428571,1,1,9,LDTD,64,0,0,0,0,54,8,-.3325,.7,.77,.33125,4.11375,.36,0,0,0,3,False,False,True,1.804584971,2.748212047,1,1.4844,.9
967,zdsvph,404,AR117V5SHH230,1667188,Left,16,LPDI,6,LCAPS,4,LASI,133,HDOSPERT,4.5,LSAM,6.416666667,1,1,3,75,5,.75,.714285714,.857142857,.142857143,1,2,11,HDTD,55,1,-2,-2,-3,51,.5,-.1225,1.19625,.87875,.35375,3.1525,.5,0,0,0,3,False,False,True,.809289833,1.655898661,1,.9286045,.9
1609,yhglrj,271,APNTEGPF7QZQI,1667540,Left,0,LPDI,0,LCAPS,0,LASI,43,LDOSPERT,5.166666667,LSAM,6.833333333,0,1,3,99,4,.75,.785714286,.428571429,.428571429,0,0,9,LDTD,98,-7,-6,-6,-19,63.5,1.5,-.5925,-.7575,.1425,.49125,2.99375,.13625,0,0,0,3,False,False,True,1.482675988,1.290246145,1,.991106166666667,.866666666666667
2831,ypqpaq,450,A1P0XSCJ9XAV74,1667645,Right,11,LPDI,0,LCAPS,3,LASI,57,LDOSPERT,6.166666667,HSAM,6.5,0,1,3,100,5,.25,.571428571,.428571429,.571428571,0,1,9,LDTD,76,-25,0,0,-25,50,.5,-.55625,-.6825,.15875,.2225,3.02,.15125,0,2,0,3,False,False,True,1.022411182,6.063535589,1,3.61242365384615,.923076923076923
2293,xkmalc,699,ASUYD8BPYM85M,1668399,Left,26,HPDI,6,LCAPS,3,LASI,129,HDOSPERT,5.666666667,HSAM,6.75,1,1,1,0,5,1,.785714286,.714285714,.285714286,2,4,13,HDTD,85,0,-10,-8,-18,50,0,-.4575,.43625,.60375,.4075,3.59125,.3525,0,0,0,3,False,False,True,1.314251099,1.146043605,1,.7139705,.9
3704,gvruny,662,A37GUFW4K6A1C8,1669416,Left,0,LPDI,28,HCAPS,2,LASI,145,HDOSPERT,6.833333333,HSAM,6.333333333,0,1,2,98,5,.25,.5,.428571429,.571428571,0,0,12,HDTD,75,0,0,0,0,49,1,-.76,-.5475,.18125,.2875,3.6075,.08875,0,0,1,3,False,False,True,.510703969,3.118913778,1,2.8624975862069,.827586206896552
465,uuzihi,415,A1Y3OOUMS1ZYXL,1669614,Left,78,HPDI,36,HCAPS,9,HASI,78,LDOSPERT,4,LSAM,6.416666667,1,1,4,20,5,.75,1,1,0,9,10,17,HDTD,74,-1,-1,-2,-4,53,.5,-.0775,1.7125,1.11625,.27125,4.39125,.5,0,0,0,3,False,False,True,.542026072,2.392814765,1,2.04106466666667,.833333333333333
937,xorxyg,281,A1XPUUD0HLD6HB,1669740,Right,64,HPDI,28,HCAPS,10,HASI,89,HDOSPERT,4.5,LSAM,7.5,1,1,1,100,5,.75,.857142857,.857142857,.142857143,3,5,9,LDTD,76,0,0,0,0,50.5,1,-.3925,.035,.365,.4725,3.1825,.21375,0,0,0,3,False,False,True,1.635865314,2.072055529,1,1.11896666666667,.966666666666667
1350,fjsylp,493,A2KI0ORVSCIUK7,1670716,Left,16,LPDI,78,HCAPS,15,HASI,99,HDOSPERT,4.833333333,LSAM,7,1,1,1,0,4,1,.5,.285714286,.714285714,1,2,7,LDTD,63,0,-4,-4,-8,56.5,.5,-.745,-.5475,.1575,.2625,3.1025,.14875,0,0,0,3,False,False,True,1.173873822,3.559090375,1,2.20870983333333,.966666666666667
3763,deppba,148,APXNY64HXO08K,1674524,Left,17,LPDI,25,HCAPS,11,HASI,77,LDOSPERT,7,HSAM,6.166666667,0,1,1,99,5,1,.642857143,.714285714,.142857143,1,2,8,LDTD,94,0,0,0,0,55.5,.5,-.0625,1.54375,1.0475,.31375,4.12875,.4025,0,1,0,3,False,False,True,1.095631864,1.50179093,1,1.325643,.8
555,kuskuo,743,A221L64A30LW7Z,1677271,Left,5,LPDI,11,LCAPS,7,HASI,96,HDOSPERT,4.166666667,LSAM,5.75,1,1,3,0,5,.5,.857142857,.857142857,.142857143,0,1,7,LDTD,49,0,0,0,0,64.5,23.5,-.25625,-.2125,.3925,.4675,3.48375,.03,1,0,0,3,False,False,True,.71022106,1.700091671,1,1.12760366666667,.866666666666667
585,pabash,532,A4IH4CO046EV3,1683497,Right,0,LPDI,0,LCAPS,2,LASI,117,HDOSPERT,4.166666667,LSAM,6.5,1,1,2,0,5,1,1,1,0,0,0,13,HDTD,100,0,0,0,0,57,0,-.355,.91625,.74875,.3675,3.89875,.44875,0,0,0,3,False,False,True,3.038575687,2.133848365,1,.854989333333333,1
4002,oqqfao,51,A3HC7AQFCYT5GJ,1684642,Right,35,HPDI,57,HCAPS,11,HASI,112,HDOSPERT,7.333333333,HSAM,4.833333333,0,1,2,0,5,.75,.714285714,.714285714,.285714286,2,3,12,HDTD,65,5,-3,4,6,52.5,2.5,-.77375,-.065,.47125,.17375,4.56,.415,0,0,0,3,False,False,True,1.133248991,2.667320106,1,2.216346,.866666666666667
4092,enxakb,58,AN098C29EGJ6,1685050,Right,0,LPDI,8,LCAPS,2,LASI,100,HDOSPERT,7.833333333,HSAM,4.916666667,0,1,3,50,5,1,1,.857142857,.142857143,0,0,13,HDTD,76,0,-1,0,-1,49.5,.5,-.2775,1.0475,.815,.325,3.77375,.41875,0,0,0,3,False,False,True,1.933284969,1.949084194,1,.998802,.933333333333333
1669,nbokjb,429,A2LF84L3K71GR2,1685069,Left,29,HPDI,38,HCAPS,9,HASI,103,HDOSPERT,5.166666667,LSAM,7.333333333,0,1,1,25,5,.75,.714285714,.857142857,.142857143,2,3,12,HDTD,96,-10,-7,0,-17,62.5,.5,-.68125,-.00375,.48625,.3675,4.335,.2925,0,0,0,3,False,False,True,1.391337398,.984300607,1,.752135666666667,.8
2771,pwkakc,214,A2SS3OZESN3C5U,1687518,Right,62,HPDI,100,HCAPS,25,HASI,139,HDOSPERT,6,HSAM,5.333333333,1,1,4,100,5,.5,.785714286,.714285714,.285714286,5,7,24,HDTD,90,0,0,0,0,50,0,-.4,.90125,.77125,.28125,4.315,.37375,0,0,0,3,False,False,True,.605408774,2.715387211,1,1.841503,.866666666666667
2681,yydevv,427,A1ODA3Q5H6HTDQ,1699890,Left,6,LPDI,0,LCAPS,0,LASI,75,LDOSPERT,6,HSAM,4.333333333,0,1,2,0,5,1,.642857143,.714285714,0,1,1,14,HDTD,71,0,0,0,0,51,.5,-.37875,1.115,.8425,.3025,4.1725,.48375,0,0,0,3,False,False,True,.788332354,2.529535143,1,1.93655566666667,.866666666666667
3674,maebir,107,ABSK9TAZ0NNRD,1700492,Right,48,HPDI,23,HCAPS,13,HASI,120,HDOSPERT,6.833333333,HSAM,4.416666667,1,1,1,25,3,.75,.642857143,.428571429,.428571429,3,4,9,LDTD,65,0,0,0,0,37,13,-.43125,1.8775,1.18125,.12625,4.86875,.79125,2,0,0,3,False,False,True,.634593919,2.954858851,1,2.36267683333333,.9
3912,tjkaxf,362,A3GVUYY3TWRPZT,1708928,Left,71,HPDI,123,HCAPS,17,HASI,86,HDOSPERT,7.333333333,HSAM,3.416666667,0,1,3,10,4,.75,.857142857,.714285714,.142857143,5,8,8,LDTD,75,-10,-10,-5,-25,50,0,-.11125,1.5025,1.01,.22375,3.97625,.4775,0,0,0,3,False,False,True,2.027442554,1.326352796,1,.904333333333333,.933333333333333
1729,zmsare,238,A24L4Y8HCZSUIF,1729445,Right,33,HPDI,8,LCAPS,19,HASI,76,LDOSPERT,5.333333333,LSAM,5.583333333,0,1,4,5,5,.75,.642857143,.571428571,.428571429,3,4,10,HDTD,76,-2,-2,-2,-6,52,1,-.545,.45625,.6775,.2375,4.04875,.44875,0,0,0,3,False,False,True,-.198060868,1.887544954,1,1.813511,.466666666666667
2473,lvffor,289,A2M6URTK6WO6XJ,1734533,Left,73,HPDI,57,HCAPS,6,LASI,80,LDOSPERT,5.833333333,HSAM,5.916666667,0,1,2,70,5,.25,.285714286,.142857143,.857142857,8,7,1,LDTD,77,-36,0,40,4,74.5,4.5,-.76125,-.23625,.295,.24,4.4125,.1925,4,0,0,2,False,False,True,1.01096605,1.521632769,1,1.219976,.866666666666667
1262,yisbnq,980,A2S00V7RUU121E,1735196,Right,0,LPDI,11,LCAPS,9,HASI,85,HDOSPERT,4.833333333,LSAM,6.833333333,1,1,4,50,1,.75,.714285714,.571428571,.428571429,0,0,3,LDTD,18,0,0,0,0,33.5,28,-.38125,.925,.78375,.2925,4.35875,.4025,0,1,1,3,False,False,True,.520818033,2.285247298,1,2.074298,.633333333333333
2144,lrjxif,298,A33Z6BHAJUGCHY,1746319,Right,0,LPDI,12,LCAPS,9,HASI,72,LDOSPERT,5.666666667,HSAM,6.416666667,1,1,3,5,4,.75,.571428571,.857142857,.142857143,0,0,6,LDTD,50,-18,0,0,-18,58,.5,-.5625,.96125,.855,.0825,4.95625,.52125,0,0,0,3,False,False,True,.000743893,2.654432807,1,2.13693,.5
495,leknln,671,A122LRCSBAD6DC,1746425,Left,0,LPDI,0,LCAPS,2,LASI,53,LDOSPERT,4.166666667,LSAM,6.75,1,1,3,0,5,1,.714285714,.714285714,.285714286,0,0,9,LDTD,60,-2,0,0,-2,52,1,-.375,.915,.7975,.30375,4.2975,.42,0,1,0,3,False,False,True,1.260768787,1.579505998,1,1.04783033333333,.933333333333333
56,lulglo,373,A9IC7BMHIPTYH,1747620,Right,27,HPDI,55,HCAPS,0,LASI,73,LDOSPERT,2,LSAM,6.333333333,0,1,3,50,5,1,.928571429,.571428571,.428571429,3,3,11,HDTD,65,-2,-2,0,-4,50,1,-.38,.7075,.7875,.335,4.2275,.3725,1,0,0,3,False,False,True,3.139862376,1.458537405,1,.711185333333333,1
1819,yuqpxr,242,A2MHM7JK1T9XHR,1747661,Left,44,HPDI,33,HCAPS,9,HASI,88,HDOSPERT,5.333333333,LSAM,6.75,0,1,5,0,4,1,.857142857,.714285714,.285714286,4,5,12,HDTD,70,0,0,0,0,52,0,-.27375,1.52125,1.00125,.18125,5.0525,.42125,0,0,0,3,False,False,True,.671565462,1.934295209,1,1.798623,.733333333333333
0,srmclc,769,A1PUIGT83JOHH6,1749517,Left,51,HPDI,55,HCAPS,21,HASI,96,HDOSPERT,1,LSAM,4.25,1,1,1,100,5,.25,.642857143,.571428571,.285714286,6,6,8,LDTD,100,0,0,0,0,37.5,0,-.39375,.27375,.55125,.39,3.86375,.35875,0,0,0,3,False,False,True,1.766367967,3.034942466,1,1.66033183333333,.9
176,qpblrs,690,A23RGG9LXG380R,1752613,Right,77,HPDI,89,HCAPS,15,HASI,96,HDOSPERT,2.833333333,LSAM,6.833333333,1,1,1,30,3,.75,.571428571,.428571429,.428571429,10,8,8,LDTD,69,0,0,4,4,54.5,.5,-.3475,1.1075,.855,.23375,4.4025,.4225,0,0,0,2,False,False,True,1.244656732,2.919852538,1,1.52051983333333,1
3733,oyrocc,533,A39ROW50DWRRKT,1752732,Left,0,LPDI,0,LCAPS,0,LASI,76,LDOSPERT,7,HSAM,4.083333333,1,1,2,0,5,0,.714285714,0,.571428571,0,0,4,LDTD,85,-24,8,-29,-45,63,30.5,-.6475,.08125,.44,.305,4.20625,.23375,0,0,0,3,False,False,True,2.192539196,.941210944,1,.812347666666667,.9
30,dvnegr,42,A1VAL7L9L79IN0,1753771,Left,47,HPDI,28,HCAPS,7,HASI,71,LDOSPERT,1.833333333,LSAM,5.416666667,1,1,1,0,4,1,.857142857,.857142857,.142857143,4,5,11,HDTD,65,-7,-6,-3,-16,52.5,4.5,-.32,1.47875,.99875,.135,5.27,.395,2,0,0,3,False,False,True,.510161135,3.60721845,1,3.64238711538462,.769230769230769
1849,ivuqkx,88,A3EHDY67QENKPT,1754422,Right,31,HPDI,18,HCAPS,6,LASI,92,HDOSPERT,5.333333333,LSAM,6,0,1,1,100,3,.75,.428571429,.285714286,.714285714,2,3,7,LDTD,75,-3,1,1,-1,48.5,5,-.57875,-.45375,.24,.45375,3.44375,.12875,1,0,0,3,False,False,True,2.903780359,2.411033397,1,1.03374166666667,1
907,cxgpcv,787,A2ELW44B0V3AYF,1755253,Right,58,HPDI,22,HCAPS,9,HASI,78,LDOSPERT,4.5,LSAM,7,0,1,3,50,3,1,.857142857,.714285714,.285714286,6,7,25,HDTD,75,0,0,0,0,50,0,-.4425,.05625,.38875,.4825,2.73625,.29125,0,0,0,3,False,False,True,1.032741476,1.798116849,1,1.04701916666667,.9
2917,tjcwst,190,A2FL477TMKC91L,1857875,Left,0,LPDI,0,LCAPS,0,LASI,80,LDOSPERT,6.166666667,HSAM,6.083333333,0,1,4,0,5,1,.928571429,.714285714,.285714286,0,0,9,LDTD,89,-7,-3,0,-10,61,0,-.6325,.58625,.58,.23375,4.7025,.27625,0,0,0,3,False,False,True,.859438521,4.809403677,1,3.08856166666667,.916666666666667
1639,kdasbb,566,A219Y0MX694TM2,1861506,Left,69,HPDI,71,HCAPS,17,HASI,87,HDOSPERT,5.166666667,LSAM,7.5,0,1,1,10,5,1,.642857143,.857142857,.142857143,6,8,11,HDTD,80,0,0,0,0,55,.5,-.17625,1.45125,.99,.3575,4.30375,.45625,0,3,0,3,False,False,True,2.207669294,1.795257439,1,1.1711075,.966666666666667
705,dqhtdt,227,A3LNM77PCQOTHJ,1869206,Left,33,HPDI,0,LCAPS,12,HASI,152,HDOSPERT,4.333333333,LSAM,6.916666667,1,1,1,5,4,.75,.5,.714285714,.142857143,2,3,14,HDTD,56,-2,-1,-1,-4,51,0,-.055,1.74875,.97,.15,3.1625,.495,1,0,0,3,False,False,True,1.0520155,3.248172534,1,2.15278034482759,.896551724137931
1550,lcnkhc,541,A1JKHGRDXU18PM,1873608,Left,81,HPDI,8,LCAPS,7,HASI,88,HDOSPERT,5,LSAM,5.333333333,0,1,1,0,1,1,.785714286,.285714286,.714285714,5,8,9,LDTD,100,0,0,0,0,62.5,25,-.4,.74875,.70625,.31,4.19875,.4375,0,0,0,3,False,False,True,.291261984,2.713703591,1,2.51179362068966,.655172413793103
3562,gjmveq,581,ALDKDKRBR4LXD,1886378,Right,119,HPDI,58,HCAPS,20,HASI,69,LDOSPERT,6.833333333,HSAM,5.666666667,1,1,2,100,4,0,.571428571,.571428571,.285714286,8,11,1,LDTD,85,0,0,0,0,49,36,-.3925,1.11375,.8375,.2025,3.94625,.5,0,0,1,2,False,False,True,.627882115,2.961465517,1,2.49118916666667,.833333333333333
3823,cbqatf,889,A3ORD55TVUBUGT,1890090,Right,18,LPDI,0,LCAPS,1,LASI,115,HDOSPERT,7,HSAM,4.416666667,1,1,1,0,4,.5,.928571429,.428571429,.428571429,2,2,10,HDTD,75,0,0,0,0,50,1,-.69375,.16,.46,.155,4.31,.31625,0,0,1,3,False,False,True,.773658639,1.768139169,1,1.52423333333333,.733333333333333
1909,rmbfso,896,AJM4334V07JDQ,1890094,Right,46,HPDI,47,HCAPS,4,LASI,119,HDOSPERT,5.333333333,LSAM,6.833333333,1,1,2,100,4,.25,.5,.714285714,.142857143,3,4,6,LDTD,51,-6,0,-7,-13,69.5,16,-.42875,.7175,.78,.37875,4.20875,.43625,0,1,0,3,False,False,True,1.086459865,2.366672231,1,1.15766666666667,.9
820,fdrguw,294,AZZA3J049G7R5,1890097,Right,21,LPDI,31,HCAPS,8,HASI,61,LDOSPERT,4.5,LSAM,6.5,0,1,1,0,5,.75,.642857143,.857142857,.142857143,2,2,8,LDTD,63,-10,-9,0,-19,64.5,2,-.82,-.06625,.36125,.2,4.23875,.325,0,0,0,3,False,False,True,1.27060737,2.026534053,1,1.45987910714286,1
3644,fvpist,573,A1SOQ9Q35SASE4,1890102,Right,23,HPDI,33,HCAPS,14,HASI,97,HDOSPERT,6.833333333,HSAM,5.666666667,1,1,1,0,4,.5,.642857143,.285714286,.714285714,3,3,9,LDTD,78,0,0,0,0,50,0,-.17625,.9575,.79875,.41875,3.60125,.31,0,0,0,3,False,False,True,1.354872904,1.885136162,1,1.13011916666667,.866666666666667
1463,hhsspb,599,A1NVJB5O4H7ZCJ,1890124,Right,16,LPDI,46,HCAPS,3,LASI,76,LDOSPERT,5,LSAM,6.666666667,0,1,2,78,4,.5,.714285714,.285714286,.571428571,1,2,7,LDTD,87,-30,-6,-6,-42,59.5,22.5,-.54,-.0475,.47125,.31375,3.9475,.305,0,0,0,2,False,False,True,1.00944749,2.528561959,1,2.1105487037037,.851851851851852
1322,quuzps,815,A2LJ8NJVA2JRAM,1891399,Left,0,LPDI,0,LCAPS,0,LASI,94,HDOSPERT,4.833333333,LSAM,6.333333333,1,1,3,10,5,.75,.857142857,.571428571,.428571429,0,0,15,HDTD,80,0,0,10,10,51,5.5,-.39125,.98,.7225,.3075,4.05875,.44875,1,1,0,3,False,False,True,.404120455,2.482553092,1,2.91857142857143,.75
2174,jvoqsf,1,A3KKXA7COL5JHL,1891592,Left,0,LPDI,18,HCAPS,0,LASI,78,LDOSPERT,5.666666667,HSAM,7,1,1,2,0,5,0,.785714286,.857142857,.142857143,0,0,12,HDTD,66,0,0,0,0,50,1,-.07,1.26375,.87625,.265,2.935,.44,0,3,0,3,False,False,True,3.118146996,2.226351709,1,.836666666666667,.933333333333333
1520,hidgwd,279,A16G6PPH1INQL8,1895116,Right,0,LPDI,34,HCAPS,4,LASI,84,HDOSPERT,5,LSAM,5.166666667,0,1,2,0,5,1,.785714286,.857142857,.142857143,0,0,13,HDTD,93,0,0,11,11,49.5,.5,-.62,.11875,.51125,.20125,4.3,.35875,0,0,0,3,False,False,True,.972676331,2.10727753,1,1.75654933333333,.833333333333333
4152,igmvqy,592,AFWJT2RB6Y4SZ,1895248,Right,11,LPDI,26,HCAPS,5,LASI,108,HDOSPERT,8,HSAM,5.666666667,0,1,2,0,5,.5,.714285714,.571428571,.142857143,1,1,12,HDTD,74,0,0,0,0,49.5,.5,-.245,1.845,1.2325,.12375,5.1025,.585,0,1,0,3,False,False,True,.727035206,3.254931787,1,2.2099545,.866666666666667
1969,lsqepx,564,A2PBRGT71DUYOY,1895331,Left,15,LPDI,10,LCAPS,3,LASI,63,LDOSPERT,5.5,HSAM,7.666666667,0,1,2,0,3,.5,.857142857,.857142857,.142857143,1,2,27,HDTD,62,0,0,0,0,50,0,.02,1.7375,1.02,.29125,3.0975,.5,0,2,1,3,False,False,True,.163267516,2.344048092,1,2.30412232142857,.75
3031,atigwp,26,A2JCHN90PRUWDH,1895392,Left,0,LPDI,0,LCAPS,3,LASI,40,LDOSPERT,6.333333333,HSAM,6.416666667,1,1,1,50,1,.75,0,.714285714,.285714286,0,0,1,LDTD,74,0,0,-10,-10,73.5,23.5,-.19875,.9475,.865,.39875,3.97125,.335,1,0,1,2,False,False,True,.771493536,2.347563534,1,2.3745165,.866666666666667
